sql_id,api_pg_num,cve_id,file_name,date_file,description,id,exploitation_state,intel_free,is_predicted,observed_in_the_wild,publish_date,risk_rating,was_zero_day,api_item_num,attack_complexity,attack_vector,availability_impact,base_score,confidentiality_impact,exploit_code_maturity,integrity_impact,privileges_required,remediation_level,report_confidence,scope,temporal_score,user_interaction,vector_string,access_complexity,access_vector,authentication,exploitability
167,1,CVE-2024-42813,2024-08-21 063424 mandiant vuln list.csv,34:24.0,<p>Cybersecurity and Infrastructure Security Agency (CISA) has provided the following description: <br /><em>In TRENDnet TEW-752DRU FW1.03B01 there is a buffer overflow vulnerability due to the lack of length verification for the service field in gena.cgi,vulnerability--3f73a573-108c-54d2-8898-9dd2ab1c7e07,Available,FALSE,FALSE,FALSE,01:55.0,HIGH,FALSE,1,LOW,NETWORK,HIGH,9.8,HIGH,UNPROVEN,HIGH,NONE,NOT_DEFINED,CONFIRMED,UNCHANGED,9.8,NONE,CVSS:3.1/AV:N/AC:L/PR:N/UI:N/S:U/C:H/I:H/A:H,NULL,NULL,NULL,NULL
166,1,CVE-2024-23168,2024-08-17 063425 mandiant vuln list.csv,34:25.0,<p>Cybersecurity and Infrastructure Security Agency (CISA) has provided the following description: <br /><em>Vulnerability in Xiexe XSOverlay before build 647 allows non-local websites to send the malicious commands to the WebSocket API  resulting in the a,vulnerability--ef6c6a14-e9d6-5fa4-b3a0-c5868b69311e,No Known,FALSE,FALSE,FALSE,01:17.0,HIGH,FALSE,1,LOW,NETWORK,HIGH,9.8,HIGH,UNPROVEN,HIGH,NONE,OFFICIAL_FIX,CONFIRMED,UNCHANGED,8.5,NONE,CVSS:3.1/AV:N/AC:L/PR:N/UI:N/S:U/C:H/I:H/A:H/E:U/RL:O/RC:C,NULL,NULL,NULL,NULL
159,1,CVE-2024-6917,2024-08-14 063916 mandiant vuln list.csv,39:16.0,<p>Mitre Corporation has provided the following description: <br /><em>Improper Neutralization of Special Elements used in an OS Command ('OS Command Injection') vulnerability in Veribilim Software Veribase Order Management allows OS Command Injection.This,vulnerability--1d18129c-78f5-5493-b762-7e88742a4a60,No Known,FALSE,FALSE,FALSE,16:27.0,HIGH,FALSE,13,LOW,NETWORK,HIGH,9.8,HIGH,UNPROVEN,HIGH,NONE,NOT_DEFINED,CONFIRMED,UNCHANGED,9.8,NONE,CVSS:3.1/AV:N/AC:L/PR:N/UI:N/S:U/C:H/I:H/A:H,NULL,NULL,NULL,NULL
160,1,CVE-2024-38199,2024-08-14 063916 mandiant vuln list.csv,39:16.0,<p>Mitre Corporation has provided the following description: <br /><em>Windows Line Printer Daemon (LPD) Service Remote Code Execution Vulnerability</em></p>,vulnerability--2be556cf-6aff-5cf5-a5ed-c5dcb252797f,No Known,FALSE,FALSE,FALSE,45:27.0,HIGH,FALSE,14,LOW,NETWORK,HIGH,9.8,HIGH,UNPROVEN,HIGH,NONE,OFFICIAL_FIX,CONFIRMED,UNCHANGED,8.5,NONE,CVSS:3.1/AV:N/AC:L/PR:N/UI:N/S:U/C:H/I:H/A:H/E:U/RL:O/RC:C,NULL,NULL,NULL,NULL
162,1,CVE-2024-38063,2024-08-14 063916 mandiant vuln list.csv,39:16.0,<p>Mitre Corporation has provided the following description: <br /><em>Windows TCP/IP Remote Code Execution Vulnerability</em></p>,vulnerability--0afe9d27-0aa8-55e7-b2f6-30914d0c9d79,No Known,FALSE,FALSE,FALSE,45:27.0,HIGH,FALSE,16,LOW,NETWORK,HIGH,9.8,HIGH,UNPROVEN,HIGH,NONE,OFFICIAL_FIX,CONFIRMED,UNCHANGED,8.5,NONE,CVSS:3.1/AV:N/AC:L/PR:N/UI:N/S:U/C:H/I:H/A:H/E:U/RL:O/RC:C,NULL,NULL,NULL,NULL
151,1,CVE-2024-38107,2024-08-14 063916 mandiant vuln list.csv,39:16.0,<p>Mitre Corporation has provided the following description: <br /><em>Windows Power Dependency Coordinator Elevation of Privilege Vulnerability</em></p>,vulnerability--140150dd-96ca-552e-8d2f-c0e214aef852,Confirmed,FALSE,FALSE,TRUE,45:27.0,MEDIUM,TRUE,5,LOW,LOCAL,HIGH,7.8,HIGH,FUNCTIONAL,HIGH,LOW,OFFICIAL_FIX,CONFIRMED,UNCHANGED,7.2,NONE,CVSS:3.1/AV:L/AC:L/PR:L/UI:N/S:U/C:H/I:H/A:H/E:F/RL:O/RC:C,NULL,NULL,NULL,NULL
161,1,CVE-2024-38140,2024-08-14 063916 mandiant vuln list.csv,39:16.0,<p>Mitre Corporation has provided the following description: <br /><em>Windows Reliable Multicast Transport Driver (RMCAST) Remote Code Execution Vulnerability</em></p>,vulnerability--7c16869d-90ea-5e9f-9098-ae04c8d0705d,No Known,FALSE,FALSE,FALSE,45:27.0,HIGH,FALSE,15,LOW,NETWORK,HIGH,9.8,HIGH,UNPROVEN,HIGH,NONE,OFFICIAL_FIX,CONFIRMED,UNCHANGED,8.5,NONE,CVSS:3.1/AV:N/AC:L/PR:N/UI:N/S:U/C:H/I:H/A:H/E:U/RL:O/RC:C,NULL,NULL,NULL,NULL
158,1,CVE-2024-38189,2024-08-14 063916 mandiant vuln list.csv,39:16.0,<p>Mitre Corporation has provided the following description: <br /><em>Microsoft Project Remote Code Execution Vulnerability</em></p>,vulnerability--7d9de730-0546-5470-bf8a-444715a38f95,Confirmed,FALSE,FALSE,TRUE,45:27.0,MEDIUM,TRUE,12,LOW,NETWORK,HIGH,8.8,HIGH,FUNCTIONAL,HIGH,NONE,OFFICIAL_FIX,CONFIRMED,UNCHANGED,8.2,REQUIRED,CVSS:3.1/AV:N/AC:L/PR:N/UI:R/S:U/C:H/I:H/A:H/E:F/RL:O/RC:C,NULL,NULL,NULL,NULL
147,1,CVE-2024-38213,2024-08-14 063916 mandiant vuln list.csv,39:16.0,<p>Mitre Corporation has provided the following description: <br /><em>Windows Mark of the Web Security Feature Bypass Vulnerability</em></p>,vulnerability--efd38014-3693-54bf-b3e9-bf3ba35b1d74,Confirmed,FALSE,FALSE,TRUE,45:27.0,MEDIUM,TRUE,1,LOW,NETWORK,NONE,6.5,NONE,FUNCTIONAL,HIGH,NONE,OFFICIAL_FIX,CONFIRMED,UNCHANGED,6,REQUIRED,CVSS:3.1/AV:N/AC:L/PR:N/UI:R/S:U/C:N/I:H/A:N/E:F/RL:O/RC:C,NULL,NULL,NULL,NULL
148,1,CVE-2024-38193,2024-08-14 063916 mandiant vuln list.csv,39:16.0,<p>Mitre Corporation has provided the following description: <br /><em>Windows Ancillary Function Driver for WinSock Elevation of Privilege Vulnerability</em></p>,vulnerability--d03aacf5-78ee-5279-b623-264397049b7f,Confirmed,FALSE,FALSE,TRUE,45:27.0,MEDIUM,TRUE,2,LOW,LOCAL,HIGH,7.8,HIGH,FUNCTIONAL,HIGH,LOW,OFFICIAL_FIX,CONFIRMED,UNCHANGED,7.2,NONE,CVSS:3.1/AV:L/AC:L/PR:L/UI:N/S:U/C:H/I:H/A:H/E:F/RL:O/RC:C,NULL,NULL,NULL,NULL
149,1,CVE-2024-38178,2024-08-14 063916 mandiant vuln list.csv,39:16.0,<p>Mitre Corporation has provided the following description: <br /><em>Scripting Engine Memory Corruption Vulnerability</em></p>,vulnerability--b7a1c379-45ab-52bf-a512-5474227d5154,Confirmed,FALSE,FALSE,TRUE,45:27.0,MEDIUM,TRUE,3,HIGH,NETWORK,HIGH,7.5,HIGH,FUNCTIONAL,HIGH,NONE,OFFICIAL_FIX,CONFIRMED,UNCHANGED,7,REQUIRED,CVSS:3.1/AV:N/AC:H/PR:N/UI:R/S:U/C:H/I:H/A:H/E:F/RL:O/RC:C,NULL,NULL,NULL,NULL
150,1,CVE-2024-38106,2024-08-14 063916 mandiant vuln list.csv,39:16.0,<p>Mitre Corporation has provided the following description: <br /><em>Windows Kernel Elevation of Privilege Vulnerability</em></p>,vulnerability--cf18cda3-ba30-5fb9-80af-9c8f105e8aed,Confirmed,FALSE,FALSE,TRUE,45:27.0,MEDIUM,TRUE,4,HIGH,LOCAL,HIGH,7,HIGH,FUNCTIONAL,HIGH,LOW,OFFICIAL_FIX,CONFIRMED,UNCHANGED,6.5,NONE,CVSS:3.1/AV:L/AC:H/PR:L/UI:N/S:U/C:H/I:H/A:H/E:F/RL:O/RC:C,NULL,NULL,NULL,NULL
163,1,CVE-2024-6684,2024-08-14 063916 mandiant vuln list.csv,39:16.0,<p>Mitre Corporation has provided the following description: <br /><em><p>Authentication Bypass Using an Alternate Path or Channel vulnerability in GST Electronics inohom Nova Panel N7 allows Authentication Bypass.This issue affects inohom Nova Panel N7: t,vulnerability--96ca71fb-443a-5ab3-ae28-6c9e11a83969,No Known,FALSE,FALSE,FALSE,15:11.0,HIGH,FALSE,17,LOW,NETWORK,HIGH,10,HIGH,UNPROVEN,HIGH,NONE,NOT_DEFINED,CONFIRMED,CHANGED,10,NONE,CVSS:3.1/AV:N/AC:L/PR:N/UI:N/S:C/C:H/I:H/A:H,NULL,NULL,NULL,NULL
164,1,CVE-2024-42489,2024-08-14 063916 mandiant vuln list.csv,39:16.0,<p>Mitre Corporation has provided the following description: <br /><em>Pro Macros provides XWiki rendering macros. Missing escaping in the Viewpdf macro allows any user with view right on the `CKEditor.HTMLConverter` page or edit or comment right on any pa,vulnerability--e47cb1c8-936f-5807-b010-78254bc7b64a,Available,FALSE,FALSE,FALSE,45:36.0,HIGH,FALSE,18,LOW,NETWORK,HIGH,9.8,HIGH,PROOF_OF_CONCEPT,HIGH,NONE,OFFICIAL_FIX,CONFIRMED,UNCHANGED,8.8,NONE,CVSS:3.1/AV:N/AC:L/PR:N/UI:N/S:U/C:H/I:H/A:H/E:P/RL:O/RC:C,NULL,NULL,NULL,NULL
165,1,CVE-2024-42479,2024-08-14 063916 mandiant vuln list.csv,39:16.0,<p>Mitre Corporation has provided the following description: <br /><em>llama.cpp provides LLM inference in C/C++. The unsafe `data` pointer member in the `rpc_tensor` structure can cause arbitrary address writing. This vulnerability is fixed in b3561.</em>,vulnerability--3258cba2-41ef-5927-b96c-8a80a1010afa,Available,FALSE,FALSE,FALSE,33:07.0,HIGH,FALSE,19,LOW,NETWORK,HIGH,9.8,HIGH,FUNCTIONAL,HIGH,NONE,OFFICIAL_FIX,CONFIRMED,UNCHANGED,9.1,NONE,CVSS:3.1/AV:N/AC:L/PR:N/UI:N/S:U/C:H/I:H/A:H/E:F/RL:O/RC:C,NULL,NULL,NULL,NULL
146,1,MVE-2024-20381,2024-08-10 063331 mandiant vuln list.csv,33:31.0,<p>Bleeping Computer has provided the following description: <br /><em><p>Researchers have demonstrated a method to bypass an anti-phishing measure in Microsoft 365 (formerly Office 365)  elevating the risk of users opening malicious emails. When this CSS ,vulnerability--3507a3ae-bee2-54a0-ac7d-3e62edf1645d,Available,FALSE,FALSE,FALSE,53:12.0,LOW,FALSE,1,LOW,NETWORK,NONE,4.3,NONE,NOT_DEFINED,LOW,NONE,NOT_DEFINED,NOT_DEFINED,UNCHANGED,4.3,REQUIRED,CVSS:3.1/AV:N/AC:L/PR:N/UI:R/S:U/C:N/I:L/A:N/E:X/RL:X/RC:X,NULL,NULL,NULL,NULL
142,1,CVE-2024-42393,2024-08-09 063416 mandiant vuln list.csv,34:16.0,<p>Cybersecurity and Infrastructure Security Agency (CISA) has provided the following description: <br /><em>There are vulnerabilities in the Soft AP Daemon Service which could allow a threat actor to execute an unauthenticated RCE attack. Successful explo,vulnerability--85420f69-094b-5394-a648-c77997cb691a,No Known,FALSE,FALSE,FALSE,19:14.0,HIGH,FALSE,1,LOW,NETWORK,HIGH,9.8,HIGH,UNPROVEN,HIGH,NONE,OFFICIAL_FIX,CONFIRMED,UNCHANGED,8.5,NONE,CVSS:3.1/AV:N/AC:L/PR:N/UI:N/S:U/C:H/I:H/A:H/E:U/RL:O/RC:C,NULL,NULL,NULL,NULL
144,1,CVE-2024-20450,2024-08-09 063416 mandiant vuln list.csv,34:16.0,<p>Cisco Systems Inc. has provided the following description: <br /><em><p>Multiple vulnerabilities in the web-based management interface of Cisco Small Business SPA300 Series IP Phones and Cisco Small Business SPA500 Series IP Phones could allow an unauth,vulnerability--dbaf4f21-aa1a-523a-8775-1d5b7acf0c1f,No Known,FALSE,FALSE,FALSE,56:14.0,HIGH,FALSE,3,LOW,NETWORK,HIGH,9.8,HIGH,UNPROVEN,HIGH,NONE,OFFICIAL_FIX,CONFIRMED,UNCHANGED,8.5,NONE,CVSS:3.1/AV:N/AC:L/PR:N/UI:N/S:U/C:H/I:H/A:H/E:U/RL:O/RC:C,NULL,NULL,NULL,NULL
143,1,CVE-2024-20454,2024-08-09 063416 mandiant vuln list.csv,34:16.0,<p>Cisco Systems Inc. has provided the following description: <br /><em><p>Multiple vulnerabilities in the web-based management interface of Cisco Small Business SPA300 Series IP Phones and Cisco Small Business SPA500 Series IP Phones could allow an unauth,vulnerability--983b2897-41cc-5c82-ae21-92b0b4c79b8b,No Known,FALSE,FALSE,FALSE,56:14.0,HIGH,FALSE,2,LOW,NETWORK,HIGH,9.8,HIGH,UNPROVEN,HIGH,NONE,OFFICIAL_FIX,CONFIRMED,UNCHANGED,8.5,NONE,CVSS:3.1/AV:N/AC:L/PR:N/UI:N/S:U/C:H/I:H/A:H/E:U/RL:O/RC:C,NULL,NULL,NULL,NULL
145,1,CVE-2024-20452,2024-08-09 063416 mandiant vuln list.csv,34:16.0,<p>Cisco Systems Inc. has provided the following description: <br /><em><p>Multiple vulnerabilities in the web-based management interface of Cisco Small Business SPA300 Series IP Phones and Cisco Small Business SPA500 Series IP Phones could allow an unauth,vulnerability--c70a2723-d1d6-5788-bfc8-e8a6fb8aa6ae,No Known,FALSE,FALSE,FALSE,52:19.0,HIGH,FALSE,4,LOW,NETWORK,HIGH,9.8,HIGH,UNPROVEN,HIGH,NONE,OFFICIAL_FIX,CONFIRMED,UNCHANGED,8.5,NONE,CVSS:3.1/AV:N/AC:L/PR:N/UI:N/S:U/C:H/I:H/A:H/E:U/RL:O/RC:C,NULL,NULL,NULL,NULL
140,1,CVE-2024-42001,2024-08-06 063718 mandiant vuln list.csv,37:18.0,<p>Cybersecurity and Infrastructure Security Agency (CISA) has provided the following description: <br /><em>An Improper Authentication vulnerability affecting Vonets Industrial WiFi Bridge Relays and WiFi Bridge Repeaters software versions 3.3.23.6.9 and ,vulnerability--eb5c1dfd-3b86-5687-b553-f1b6b8160f97,No Known,FALSE,FALSE,FALSE,38:15.0,HIGH,FALSE,1,LOW,NETWORK,HIGH,8.6,LOW,UNPROVEN,LOW,NONE,NOT_DEFINED,CONFIRMED,UNCHANGED,8.6,NONE,CVSS:3.1/AV:N/AC:L/PR:N/UI:N/S:U/C:L/I:L/A:H,NULL,NULL,NULL,NULL
141,1,CVE-2024-29082,2024-08-06 063718 mandiant vuln list.csv,37:18.0,<p>Cybersecurity and Infrastructure Security Agency (CISA) has provided the following description: <br /><em>Improper Access Control vulnerability affecting Vonets Industrial WiFi Bridge Relays and WiFi Bridge Repeaters  software versions 3.3.23.6.9 and pr,vulnerability--fa471eb9-855a-5a05-87ae-225eb917b490,No Known,FALSE,FALSE,FALSE,37:38.0,HIGH,FALSE,2,LOW,NETWORK,HIGH,8.6,LOW,UNPROVEN,LOW,NONE,NOT_DEFINED,CONFIRMED,UNCHANGED,8.6,NONE,CVSS:3.1/AV:N/AC:L/PR:N/UI:N/S:U/C:L/I:L/A:H,NULL,NULL,NULL,NULL
139,1,CVE-2024-38909,2024-08-01 063351 mandiant vuln list.csv,33:51.0,<p>Cybersecurity and Infrastructure Security Agency (CISA) has provided the following description: <br /><em>Studio 42 elFinder 2.1.64 is vulnerable to Incorrect Access Control. Copying files with an unauthorized extension between server directories allows,vulnerability--eb042f0e-2e84-5501-af8f-7e3ba84f8a74,No Known,FALSE,FALSE,FALSE,51:54.0,HIGH,FALSE,1,LOW,NETWORK,HIGH,9.8,HIGH,UNPROVEN,HIGH,NONE,NOT_DEFINED,CONFIRMED,UNCHANGED,9.8,NONE,CVSS:3.1/AV:N/AC:L/PR:N/UI:N/S:U/C:H/I:H/A:H,NULL,NULL,NULL,NULL
138,1,CVE-2024-5670,2024-07-30 093624 mandiant vuln list.csv,36:24.0,<p>Mitre Corporation has provided the following description: <br /><em>The web services of Softnext's products  Mail SQR Expert and Mail Archiving Expert do not properly validate user input  allowing unauthenticated remote attackers to inject arbitrary OS ,vulnerability--bac9e1a0-57b5-5c30-bd38-94b2d6bef02e,No Known,FALSE,FALSE,FALSE,58:17.0,HIGH,FALSE,1,LOW,NETWORK,HIGH,9.8,HIGH,UNPROVEN,HIGH,NONE,OFFICIAL_FIX,CONFIRMED,UNCHANGED,8.5,NONE,CVSS:3.1/AV:N/AC:L/PR:N/UI:N/S:U/C:H/I:H/A:H/E:U/RL:O/RC:C,NULL,NULL,NULL,NULL
137,1,CVE-2023-45249,2024-07-26 093642 mandiant vuln list.csv,36:42.0,<p>National Vulnerability Database has provided the following description: <br /><em>Remote command execution due to use of default passwords. The following products are affected: Acronis Cyber Infrastructure (ACI) before build 5.0.1-61  Acronis Cyber Infr,vulnerability--903c0272-8b67-5085-8666-40d002d23bb0,No Known,FALSE,FALSE,FALSE,19:47.0,HIGH,FALSE,1,LOW,NETWORK,HIGH,9.8,HIGH,UNPROVEN,HIGH,NONE,NOT_DEFINED,CONFIRMED,UNCHANGED,9.8,NONE,CVSS:3.0/AV:N/AC:L/PR:N/UI:N/S:U/C:H/I:H/A:H,NULL,NULL,NULL,NULL
135,1,CVE-2024-21552,2024-07-24 093724 mandiant vuln list.csv,37:24.0,<p>National Vulnerability Database has provided the following description: <br /><em>All versions of `SuperAGI` are vulnerable to Arbitrary Code Execution due to unsafe use of the ‘eval’ function. An attacker could induce the LLM output to exploit this vul,vulnerability--5a48b684-6ab4-53b8-8357-80aeccbe9d6a,No Known,FALSE,FALSE,FALSE,05:19.0,HIGH,FALSE,2,LOW,NETWORK,HIGH,9.8,HIGH,UNPROVEN,HIGH,NONE,NOT_DEFINED,CONFIRMED,UNCHANGED,9.8,NONE,CVSS:3.1/AV:N/AC:L/PR:N/UI:N/S:U/C:H/I:H/A:H,NULL,NULL,NULL,NULL
134,1,CVE-2024-7014,2024-07-24 093724 mandiant vuln list.csv,37:24.0,<p>National Vulnerability Database has provided the following description: <br /><em>EvilVideo vulnerability allows sending malicious apps disguised as videos in Telegram for Android application affecting versions 10.14.4 and older.</em></p>,vulnerability--80de18fe-d107-5003-9c51-9b3a81b850fc,Available,FALSE,FALSE,FALSE,12:34.0,LOW,FALSE,1,LOW,LOCAL,HIGH,7.8,HIGH,FUNCTIONAL,HIGH,NONE,OFFICIAL_FIX,CONFIRMED,UNCHANGED,7.2,REQUIRED,CVSS:3.1/AV:L/AC:L/PR:N/UI:R/S:U/C:H/I:H/A:H/E:F/RL:O/RC:C,NULL,NULL,NULL,NULL
136,1,CVE-2024-6806,2024-07-24 093724 mandiant vuln list.csv,37:24.0,<p>National Vulnerability Database has provided the following description: <br /><em>The NI VeriStand Gateway is missing authorization checks when an actor attempts to access Project resources.  These missing checks may result in remote code execution.  Th,vulnerability--e1b1b595-5633-557b-88cf-d440d14645c6,No Known,FALSE,FALSE,FALSE,06:20.0,HIGH,FALSE,3,LOW,NETWORK,HIGH,9.8,HIGH,UNPROVEN,HIGH,NONE,OFFICIAL_FIX,CONFIRMED,UNCHANGED,8.5,NONE,CVSS:3.1/AV:N/AC:L/PR:N/UI:N/S:U/C:H/I:H/A:H/E:U/RL:O/RC:C,NULL,NULL,NULL,NULL
133,1,CVE-2024-40628,2024-07-20 094204 mandiant vuln list.csv,42:04.0,<p>National Vulnerability Database has provided the following description: <br /><em>JumpServer is an open-source Privileged Access Management (PAM) tool that provides DevOps and IT teams with on-demand and secure access to SSH RDP  Kubernetes  Database a,vulnerability--6c0c10f5-d538-5c74-beb7-656789d9d5b5,Available,FALSE,FALSE,FALSE,09:24.0,MEDIUM,FALSE,1,LOW,NETWORK,HIGH,10,HIGH,UNPROVEN,HIGH,NONE,NOT_DEFINED,CONFIRMED,CHANGED,10,NONE,CVSS:3.1/AV:N/AC:L/PR:N/UI:N/S:C/C:H/I:H/A:H,NULL,NULL,NULL,NULL
131,1,CVE-2024-20419,2024-07-18 093700 mandiant vuln list.csv,37:00.0,<p>Cisco Systems Inc. has provided the following description: <br /><em><p>A vulnerability in the authentication system of Cisco Smart Software Manager On-Prem (SSM On-Prem) could allow an unauthenticated  remote attacker to change the password of any user,vulnerability--76ec077b-9633-5049-889d-7c475c7f0a65,No Known,FALSE,FALSE,FALSE,45:20.0,HIGH,FALSE,1,LOW,NETWORK,HIGH,10,HIGH,UNPROVEN,HIGH,NONE,OFFICIAL_FIX,CONFIRMED,CHANGED,8.7,NONE,CVSS:3.1/AV:N/AC:L/PR:N/UI:N/S:C/C:H/I:H/A:H/E:U/RL:O/RC:C,NULL,NULL,NULL,NULL
132,1,CVE-2024-21181,2024-07-18 093700 mandiant vuln list.csv,37:00.0,<p>National Vulnerability Database has provided the following description: <br /><em>Vulnerability in the Oracle WebLogic Server product of Oracle Fusion Middleware (component: Core).  Supported versions that are affected are 12.2.1.4.0 and  14.1.1.0.0. Ea,vulnerability--af5b1263-84c9-5831-95bd-6b88f422e62a,No Known,FALSE,FALSE,FALSE,10:07.0,HIGH,FALSE,2,LOW,NETWORK,HIGH,9.8,HIGH,UNPROVEN,HIGH,NONE,OFFICIAL_FIX,CONFIRMED,UNCHANGED,8.5,NONE,CVSS:3.1/AV:N/AC:L/PR:N/UI:N/S:U/C:H/I:H/A:H/E:U/RL:O/RC:C,NULL,NULL,NULL,NULL
130,1,CVE-2024-6744,2024-07-16 093655 mandiant vuln list.csv,36:55.0,<p>National Vulnerability Database has provided the following description: <br /><em>The SMTP Listener of Secure Email Gateway from Cellopoint does not properly validate user input  leading to a Buffer Overflow vulnerability. An unauthenticated remote atta,vulnerability--c5826c8c-5c1a-51cf-90dc-aed29e745aca,No Known,FALSE,FALSE,FALSE,42:30.0,HIGH,FALSE,1,LOW,NETWORK,HIGH,9.8,HIGH,UNPROVEN,HIGH,NONE,OFFICIAL_FIX,CONFIRMED,UNCHANGED,8.5,NONE,CVSS:3.1/AV:N/AC:L/PR:N/UI:N/S:U/C:H/I:H/A:H/E:U/RL:O/RC:C,NULL,NULL,NULL,NULL
125,1,CVE-2024-6396,2024-07-13 094226 mandiant vuln list.csv,42:26.0,<p>National Vulnerability Database has provided the following description: <br /><em>A vulnerability in the `_backup_run` function in aimhubio/aim version 3.19.3 allows remote attackers to overwrite any file on the host server and exfiltrate arbitrary data,vulnerability--72a375f4-18a4-5d09-9e0b-9ba43cb14645,Available,FALSE,FALSE,FALSE,00:47.0,HIGH,FALSE,1,LOW,NETWORK,HIGH,9.8,HIGH,UNPROVEN,HIGH,NONE,NOT_DEFINED,CONFIRMED,UNCHANGED,9.8,NONE,CVSS:3.0/AV:N/AC:L/PR:N/UI:N/S:U/C:H/I:H/A:H,NULL,NULL,NULL,NULL
126,1,CVE-2024-5217,2024-07-13 094226 mandiant vuln list.csv,42:26.0,<p>National Vulnerability Database has provided the following description: <br /><em>ServiceNow has addressed an input validation vulnerability that was identified in the Washington DC Vancouver and earlier Now Platform releases. This vulnerability could,vulnerability--bcc5f6fe-2014-5a83-abff-300cf383a0ee,No Known,FALSE,FALSE,FALSE,47:38.0,HIGH,FALSE,2,LOW,NETWORK,HIGH,9.8,HIGH,UNPROVEN,HIGH,NONE,OFFICIAL_FIX,CONFIRMED,UNCHANGED,8.5,NONE,CVSS:3.1/AV:N/AC:L/PR:N/UI:N/S:U/C:H/I:H/A:H/E:U/RL:O/RC:C,NULL,NULL,NULL,NULL
127,1,CVE-2024-5910,2024-07-13 094226 mandiant vuln list.csv,42:26.0,<p>Palo Alto Networks Inc. has provided the following description: <br /><em><p>Missing authentication for a critical function in Palo Alto Networks Expedition can lead to an Expedition admin account takeover for attackers with network access to Expedition,vulnerability--09814049-c77e-5819-9cd8-59e709b56ccf,No Known,FALSE,FALSE,FALSE,47:25.0,HIGH,FALSE,3,LOW,NETWORK,HIGH,10,HIGH,UNPROVEN,HIGH,NONE,OFFICIAL_FIX,CONFIRMED,CHANGED,8.7,NONE,CVSS:3.1/AV:N/AC:L/PR:N/UI:N/S:C/C:H/I:H/A:H/E:U/RL:O/RC:C,NULL,NULL,NULL,NULL
128,1,CVE-2024-4879,2024-07-13 094226 mandiant vuln list.csv,42:26.0,<p>National Vulnerability Database has provided the following description: <br /><em>ServiceNow has addressed an input validation vulnerability that was identified in Vancouver and Washington DC Now Platform releases. This vulnerability could enable an una,vulnerability--4f9105c5-3039-5f0a-9fb8-04c0e2bc0d32,No Known,FALSE,FALSE,FALSE,32:39.0,HIGH,FALSE,4,LOW,NETWORK,HIGH,9.8,HIGH,UNPROVEN,HIGH,NONE,OFFICIAL_FIX,CONFIRMED,UNCHANGED,8.5,NONE,CVSS:3.1/AV:N/AC:L/PR:N/UI:N/S:U/C:H/I:H/A:H/E:U/RL:O/RC:C,NULL,NULL,NULL,NULL
129,1,CVE-2024-36435,2024-07-13 094226 mandiant vuln list.csv,42:26.0,<p>National Vulnerability Database has provided the following description: <br /><em>An issue was discovered on Supermicro BMC firmware in select X11 X12 H12 B12 X13 H13   and B13 motherboards (and CMM6 modules). An unauthenticated user can post crafte,vulnerability--86a2dfa9-1196-5821-83c1-fa4b19148bb0,No Known,FALSE,FALSE,FALSE,48:59.0,HIGH,FALSE,5,LOW,NETWORK,HIGH,9.8,HIGH,UNPROVEN,HIGH,NONE,OFFICIAL_FIX,CONFIRMED,UNCHANGED,8.5,NONE,CVSS:3.1/AV:N/AC:L/PR:N/UI:N/S:U/C:H/I:H/A:H/E:U/RL:O/RC:C,NULL,NULL,NULL,NULL
119,1,CVE-2024-38112,2024-07-10 093535 mandiant vuln list.csv,35:35.0,<p>CISA has provided the following description: <br /><em>Microsoft Windows MSHTML Platform contains a spoofing vulnerability that has a high impact to confidentiality integrity  and availability.</em></p>,vulnerability--7198da16-01d1-5caf-9a25-45c3cf10153c,Confirmed,FALSE,FALSE,TRUE,30:05.0,LOW,TRUE,5,HIGH,NETWORK,HIGH,7.5,HIGH,FUNCTIONAL,HIGH,NONE,OFFICIAL_FIX,CONFIRMED,UNCHANGED,7,REQUIRED,CVSS:3.1/AV:N/AC:H/PR:N/UI:R/S:U/C:H/I:H/A:H/E:F/RL:O/RC:C,NULL,NULL,NULL,NULL
118,1,CVE-2024-38080,2024-07-10 093535 mandiant vuln list.csv,35:35.0,<p>CISA has provided the following description: <br /><em>Microsoft Windows Hyper-V contains a privilege escalation vulnerability that allows a local attacker with user permissions to gain SYSTEM privileges.</em></p>,vulnerability--89ecf5f7-df33-54b1-9200-670586b2f150,Confirmed,FALSE,FALSE,TRUE,30:04.0,MEDIUM,TRUE,4,LOW,LOCAL,HIGH,7.8,HIGH,UNPROVEN,HIGH,LOW,OFFICIAL_FIX,CONFIRMED,UNCHANGED,6.8,NONE,CVSS:3.1/AV:L/AC:L/PR:L/UI:N/S:U/C:H/I:H/A:H/E:U/RL:O/RC:C,NULL,NULL,NULL,NULL
121,1,CVE-2024-38077,2024-07-10 093535 mandiant vuln list.csv,35:35.0,<p>National Vulnerability Database has provided the following description: <br /><em>Windows Remote Desktop Licensing Service Remote Code Execution Vulnerability</em></p>,vulnerability--437c21af-45f0-5c25-a2c6-2bb860a087e2,No Known,FALSE,FALSE,FALSE,45:33.0,HIGH,FALSE,7,LOW,NETWORK,HIGH,9.8,HIGH,UNPROVEN,HIGH,NONE,OFFICIAL_FIX,CONFIRMED,UNCHANGED,8.5,NONE,CVSS:3.1/AV:N/AC:L/PR:N/UI:N/S:U/C:H/I:H/A:H/E:U/RL:O/RC:C,NULL,NULL,NULL,NULL
122,1,CVE-2024-38025,2024-07-10 093535 mandiant vuln list.csv,35:35.0,<p>National Vulnerability Database has provided the following description: <br /><em>Microsoft Windows Performance Data Helper Library Remote Code Execution Vulnerability</em></p>,vulnerability--3242dc80-2e14-5c41-8d62-fe314fde8224,No Known,FALSE,FALSE,FALSE,45:21.0,HIGH,FALSE,8,LOW,NETWORK,HIGH,7.2,HIGH,UNPROVEN,HIGH,HIGH,OFFICIAL_FIX,CONFIRMED,UNCHANGED,6.3,NONE,CVSS:3.1/AV:N/AC:L/PR:H/UI:N/S:U/C:H/I:H/A:H/E:U/RL:O/RC:C,NULL,NULL,NULL,NULL
124,1,CVE-2024-38076,2024-07-10 093535 mandiant vuln list.csv,35:35.0,<p>National Vulnerability Database has provided the following description: <br /><em>Windows Remote Desktop Licensing Service Remote Code Execution Vulnerability</em></p>,vulnerability--1b462e50-8f3a-5e24-bc4b-ca1d4c6c5454,No Known,FALSE,FALSE,FALSE,45:21.0,HIGH,FALSE,10,LOW,NETWORK,HIGH,9.8,HIGH,UNPROVEN,HIGH,NONE,OFFICIAL_FIX,CONFIRMED,UNCHANGED,8.5,NONE,CVSS:3.1/AV:N/AC:L/PR:N/UI:N/S:U/C:H/I:H/A:H/E:U/RL:O/RC:C,NULL,NULL,NULL,NULL
123,1,CVE-2024-38074,2024-07-10 093535 mandiant vuln list.csv,35:35.0,<p>National Vulnerability Database has provided the following description: <br /><em>Windows Remote Desktop Licensing Service Remote Code Execution Vulnerability</em></p>,vulnerability--c6946938-8c56-5e4a-a282-7241deaace60,No Known,FALSE,FALSE,FALSE,45:21.0,HIGH,FALSE,9,LOW,NETWORK,HIGH,9.8,HIGH,UNPROVEN,HIGH,NONE,OFFICIAL_FIX,CONFIRMED,UNCHANGED,8.5,NONE,CVSS:3.1/AV:N/AC:L/PR:N/UI:N/S:U/C:H/I:H/A:H/E:U/RL:O/RC:C,NULL,NULL,NULL,NULL
105,1,CVE-2024-36404,2024-07-04 093603 mandiant vuln list.csv,36:03.0,<p>National Vulnerability Database has provided the following description: <br /><em>GeoTools is an open source Java library that provides tools for geospatial data. Prior to versions 31.2 30.4  and 29.6  Remote Code Execution (RCE) is possible if an appl,vulnerability--042acb48-a912-5336-a19d-7cd48f632a2d,Available,FALSE,FALSE,FALSE,05:16.0,MEDIUM,FALSE,1,LOW,NETWORK,HIGH,9.8,HIGH,PROOF_OF_CONCEPT,HIGH,NONE,OFFICIAL_FIX,CONFIRMED,UNCHANGED,8.8,NONE,CVSS:3.1/AV:N/AC:L/PR:N/UI:N/S:U/C:H/I:H/A:H/E:P/RL:O/RC:C,NULL,NULL,NULL,NULL
111,1,CVE-2023-41917,2024-07-04 093603 mandiant vuln list.csv,36:03.0,<p>National Vulnerability Database has provided the following description: <br /><em>Inadequate input validation exposes the system to potential remote code execution (RCE) risks. Attackers can exploit this vulnerability by appending shell commands to the ,vulnerability--0f5e7437-7732-5286-a629-9ff248a83a01,No Known,FALSE,FALSE,FALSE,55:57.0,HIGH,FALSE,7,LOW,NETWORK,HIGH,10,HIGH,UNPROVEN,HIGH,NONE,NOT_DEFINED,CONFIRMED,CHANGED,10,NONE,CVSS:3.1/AV:N/AC:L/PR:N/UI:N/S:C/C:H/I:H/A:H,NULL,NULL,NULL,NULL
112,1,CVE-2023-41918,2024-07-04 093603 mandiant vuln list.csv,36:03.0,<p>National Vulnerability Database has provided the following description: <br /><em>A vulnerability allows unauthorized access to functionality inadequately constrained by ACLs. Attackers may exploit this to unauthenticated execute commands potentially le,vulnerability--7e6ebb71-db7e-5741-8d4a-aee0c8472393,No Known,FALSE,FALSE,FALSE,55:57.0,HIGH,FALSE,8,LOW,NETWORK,HIGH,10,HIGH,UNPROVEN,HIGH,NONE,NOT_DEFINED,CONFIRMED,CHANGED,10,NONE,CVSS:3.1/AV:N/AC:L/PR:N/UI:N/S:C/C:H/I:H/A:H,NULL,NULL,NULL,NULL
110,1,CVE-2023-41920,2024-07-04 093603 mandiant vuln list.csv,36:03.0,<p>National Vulnerability Database has provided the following description: <br /><em>The vulnerability allows attackers access to the root account without having to authenticate. Specifically  if the device is configured with the IP address of 10.10.10.10,vulnerability--a6cd1915-be69-51f9-8897-70b37e388981,No Known,FALSE,FALSE,FALSE,55:57.0,HIGH,FALSE,6,LOW,NETWORK,HIGH,9.8,HIGH,UNPROVEN,HIGH,NONE,NOT_DEFINED,CONFIRMED,UNCHANGED,9.8,NONE,CVSS:3.1/AV:N/AC:L/PR:N/UI:N/S:U/C:H/I:H/A:H,NULL,NULL,NULL,NULL
109,1,CVE-2023-41919,2024-07-04 093603 mandiant vuln list.csv,36:03.0,<p>National Vulnerability Database has provided the following description: <br /><em>Hardcoded credentials are discovered within the application's source code  creating a potential security risk for unauthorized access.</em></p>,vulnerability--e15ab655-eb65-5d72-b525-a45fe7df2818,Available,FALSE,FALSE,FALSE,55:57.0,HIGH,FALSE,5,LOW,NETWORK,HIGH,9.8,HIGH,UNPROVEN,HIGH,NONE,NOT_DEFINED,CONFIRMED,UNCHANGED,9.8,NONE,CVSS:3.1/AV:N/AC:L/PR:N/UI:N/S:U/C:H/I:H/A:H,NULL,NULL,NULL,NULL
113,1,CVE-2024-4708,2024-07-04 093603 mandiant vuln list.csv,36:03.0,<p>Cybersecurity and Infrastructure Security Agency (CISA) has provided the following description: <br /><em>The affected application uses a hard-coded password which could allow an attacker to remotely execute code on the affected device.</em></p>,vulnerability--33256045-b6a7-5593-a9a2-7782c72e23af,Available,FALSE,FALSE,FALSE,16:03.0,HIGH,FALSE,9,LOW,NETWORK,HIGH,9.8,HIGH,UNPROVEN,HIGH,NONE,NOT_DEFINED,CONFIRMED,UNCHANGED,9.8,NONE,CVSS:3.1/AV:N/AC:L/PR:N/UI:N/S:U/C:H/I:H/A:H,NULL,NULL,NULL,NULL
114,1,CVE-2023-41921,2024-07-04 093603 mandiant vuln list.csv,36:03.0,<p>National Vulnerability Database has provided the following description: <br /><em>A vulnerability allows attackers to download source code or an executable from a remote location and execute the code without sufficiently verifying the origin and integri,vulnerability--84bbad48-fe6f-5abb-a813-0f971f137e30,No Known,FALSE,FALSE,FALSE,43:52.0,HIGH,FALSE,10,LOW,NETWORK,HIGH,9.8,HIGH,UNPROVEN,HIGH,NONE,NOT_DEFINED,CONFIRMED,UNCHANGED,9.8,NONE,CVSS:3.1/AV:N/AC:L/PR:N/UI:N/S:U/C:H/I:H/A:H,NULL,NULL,NULL,NULL
106,1,CVE-2024-31335,2024-07-04 093603 mandiant vuln list.csv,36:03.0,<p>Imagination Technologies Group Limited has provided the following description: <br /><em><p>Software installed and run as a non-privileged user may exploit a small window of opportunity to access freed memory.</p></em></p>,vulnerability--134f3275-255c-5609-805f-d21151a36dda,Available,FALSE,FALSE,FALSE,36:49.0,MEDIUM,FALSE,2,LOW,LOCAL,HIGH,9.3,HIGH,PROOF_OF_CONCEPT,HIGH,NONE,OFFICIAL_FIX,CONFIRMED,CHANGED,8.4,NONE,CVSS:3.1/AV:L/AC:L/PR:N/UI:N/S:C/C:H/I:H/A:H/E:P/RL:O/RC:C,NULL,NULL,NULL,NULL
107,1,CVE-2024-34724,2024-07-04 093603 mandiant vuln list.csv,36:03.0,<p>Imagination Technologies Group Limited has provided the following description: <br /><em><p>Software installed and run as a non-privileged user may conduct improper GPU system calls to trigger use-after-free kernel exceptions.</p></em></p>,vulnerability--d5810f74-6ed5-57f1-b71d-cabf487bef4f,Available,FALSE,FALSE,FALSE,08:06.0,MEDIUM,FALSE,3,LOW,LOCAL,HIGH,9.3,HIGH,PROOF_OF_CONCEPT,HIGH,NONE,OFFICIAL_FIX,CONFIRMED,CHANGED,8.4,NONE,CVSS:3.1/AV:L/AC:L/PR:N/UI:N/S:C/C:H/I:H/A:H/E:P/RL:O/RC:C,NULL,NULL,NULL,NULL
108,1,CVE-2024-31334,2024-07-04 093603 mandiant vuln list.csv,36:03.0,<p>Imagination Technologies Group Limited has provided the following description: <br /><em><p>Software installed and run as a non-privileged user may conduct improper GPU system calls to trigger use-after-free kernel exceptions.</p></em></p>,vulnerability--0ee096f1-fb84-5bfd-a0a0-020554590f88,Available,FALSE,FALSE,FALSE,46:11.0,MEDIUM,FALSE,4,LOW,LOCAL,HIGH,9.3,HIGH,FUNCTIONAL,HIGH,NONE,OFFICIAL_FIX,CONFIRMED,CHANGED,8.6,NONE,CVSS:3.1/AV:L/AC:L/PR:N/UI:N/S:C/C:H/I:H/A:H/E:F/RL:O/RC:C,NULL,NULL,NULL,NULL
104,1,CVE-2024-6387,2024-07-02 093506 mandiant vuln list.csv,35:06.0,"<p>OSS-Sec Mailing List has provided the following description: <br /><em><p>If a client does not authenticate within LoginGraceTime seconds (120 by default, 600 in old OpenSSH versions), then sshd's SIGALRM handler is called asynchronously, but this signa",vulnerability--9285a2a6-7780-5a23-a8b1-fb5afdfacbe5,Available,FALSE,FALSE,FALSE,45:14.0,MEDIUM,FALSE,1,HIGH,NETWORK,HIGH,8.1,HIGH,PROOF_OF_CONCEPT,HIGH,NONE,OFFICIAL_FIX,CONFIRMED,UNCHANGED,7.3,NONE,CVSS:3.1/AV:N/AC:H/PR:N/UI:N/S:U/C:H/I:H/A:H/E:P/RL:O/RC:C,NULL,NULL,NULL,NULL
103,1,CVE-2024-0949,2024-06-29 093855 mandiant vuln list.csv,38:55.0,"<p>National Vulnerability Database has provided the following description: <br /><em><p>Improper Access Control, Missing Authorization, Incorrect Authorization, Incorrect Permission Assignment for Critical Resource, Missing Authentication, Weak Authenticat",vulnerability--bb9a0065-3c79-5ffa-b5f6-511ea7448ddc,No Known,FALSE,FALSE,FALSE,40:56.0,HIGH,FALSE,1,LOW,NETWORK,HIGH,9.8,HIGH,UNPROVEN,HIGH,NONE,OFFICIAL_FIX,CONFIRMED,UNCHANGED,8.5,NONE,CVSS:3.1/AV:N/AC:L/PR:N/UI:N/S:U/C:H/I:H/A:H/E:U/RL:O/RC:C,NULL,NULL,NULL,NULL
98,1,CVE-2024-5806,2024-06-27 093508 mandiant vuln list.csv,35:08.0,<p>Rapid7 has provided the following description: <br /><em><p>CVE-2024-5806 is an improper authentication vulnerability affecting the MOVEit Transfer SFTP service that can lead to authentication bypass. As of June 25 the known criteria for exploitation a,vulnerability--34883f04-535a-521d-8cf3-4f014b887fa7,Available,FALSE,FALSE,FALSE,26:14.0,MEDIUM,FALSE,1,LOW,NETWORK,NONE,9.1,HIGH,FUNCTIONAL,HIGH,NONE,OFFICIAL_FIX,CONFIRMED,UNCHANGED,8.4,NONE,CVSS:3.1/AV:N/AC:L/PR:N/UI:N/S:U/C:H/I:H/A:N/E:F/RL:O/RC:C,NULL,NULL,NULL,NULL
99,1,CVE-2024-5181,2024-06-27 093508 mandiant vuln list.csv,35:08.0,<p>National Vulnerability Database has provided the following description: <br /><em>A command injection vulnerability exists in the mudler/localai version 2.14.0. The vulnerability arises from the application's handling of the backend parameter in the con,vulnerability--b73ac3d1-cf9e-5565-83ce-c9beb6357ffc,Available,FALSE,FALSE,FALSE,23:35.0,MEDIUM,FALSE,2,LOW,LOCAL,HIGH,8.4,HIGH,PROOF_OF_CONCEPT,HIGH,NONE,OFFICIAL_FIX,CONFIRMED,UNCHANGED,7.6,NONE,CVSS:3.1/AV:L/AC:L/PR:N/UI:N/S:U/C:H/I:H/A:H/E:P/RL:O/RC:C,NULL,NULL,NULL,NULL
102,1,CVE-2024-4884,2024-06-27 093508 mandiant vuln list.csv,35:08.0,<p>National Vulnerability Database has provided the following description: <br /><em>In WhatsUp Gold versions released before 2023.1.3  an unauthenticated Remote Code Execution vulnerability in Progress WhatsUpGold.  The Apm.UI.Areas.APM.Controllers.Commun,vulnerability--a8a605d3-7e57-5bc9-8133-78104757e904,No Known,FALSE,FALSE,FALSE,12:55.0,HIGH,FALSE,5,LOW,NETWORK,HIGH,9.8,HIGH,UNPROVEN,HIGH,NONE,OFFICIAL_FIX,CONFIRMED,UNCHANGED,8.5,NONE,CVSS:3.1/AV:N/AC:L/PR:N/UI:N/S:U/C:H/I:H/A:H/E:U/RL:O/RC:C,NULL,NULL,NULL,NULL
101,1,CVE-2024-4883,2024-06-27 093508 mandiant vuln list.csv,35:08.0,<p>National Vulnerability Database has provided the following description: <br /><em>In WhatsUp Gold versions released before 2023.1.3  a Remote Code Execution issue exists in Progress WhatsUp Gold. This vulnerability allows an unauthenticated attacker to ,vulnerability--da2861c4-6611-5fe6-a78c-69a7d7c8bb69,No Known,FALSE,FALSE,FALSE,12:55.0,HIGH,FALSE,4,LOW,NETWORK,HIGH,9.8,HIGH,UNPROVEN,HIGH,NONE,OFFICIAL_FIX,CONFIRMED,UNCHANGED,8.5,NONE,CVSS:3.1/AV:N/AC:L/PR:N/UI:N/S:U/C:H/I:H/A:H/E:U/RL:O/RC:C,NULL,NULL,NULL,NULL
100,1,CVE-2024-4885,2024-06-27 093508 mandiant vuln list.csv,35:08.0,<p>National Vulnerability Database has provided the following description: <br /><em>In WhatsUp Gold versions released before 2023.1.3  an unauthenticated Remote Code Execution vulnerability in Progress WhatsUpGold.  The  WhatsUp.ExportUtilities.Export.Ge,vulnerability--179ccce2-3da5-5da4-97da-5f10d8847867,No Known,FALSE,FALSE,FALSE,12:55.0,HIGH,FALSE,3,LOW,NETWORK,HIGH,9.8,HIGH,UNPROVEN,HIGH,NONE,OFFICIAL_FIX,CONFIRMED,UNCHANGED,8.5,NONE,CVSS:3.1/AV:N/AC:L/PR:N/UI:N/S:U/C:H/I:H/A:H/E:U/RL:O/RC:C,NULL,NULL,NULL,NULL
96,1,CVE-2024-5443,2024-06-25 093450 mandiant vuln list.csv,34:50.0,<p>National Vulnerability Database has provided the following description: <br /><em>CVE-2024-4320 describes a vulnerability in the parisneo/lollms software  specifically within the `ExtensionBuilder().build_extension()` function. The vulnerability arises ,vulnerability--ef143949-9181-57e4-96bb-c7a7449af90a,Available,FALSE,FALSE,FALSE,17:32.0,HIGH,FALSE,1,LOW,NETWORK,HIGH,9.8,HIGH,UNPROVEN,HIGH,NONE,NOT_DEFINED,CONFIRMED,UNCHANGED,9.8,NONE,CVSS:3.0/AV:N/AC:L/PR:N/UI:N/S:U/C:H/I:H/A:H,NULL,NULL,NULL,NULL
97,1,CVE-2024-36680,2024-06-25 093450 mandiant vuln list.csv,34:50.0,"<p>National Vulnerability Database has provided the following description: <br /><em>In the module ""Facebook"" (pkfacebook) &amp;lt;=1.0.1 from Promokit.eu for PrestaShop  a guest can perform SQL injection. The ajax script facebookConnect.php have a sensiti",vulnerability--93433701-7abe-5f65-8a82-93c734c8fee8,Available,FALSE,FALSE,FALSE,59:24.0,HIGH,FALSE,2,LOW,NETWORK,HIGH,9.8,HIGH,FUNCTIONAL,HIGH,NONE,WORKAROUND,CONFIRMED,UNCHANGED,9.3,NONE,CVSS:3.1/AV:N/AC:L/PR:N/UI:N/S:U/C:H/I:H/A:H/E:F/RL:W/RC:C,NULL,NULL,NULL,NULL
92,1,CVE-2024-6046,2024-06-18 093515 mandiant vuln list.csv,35:15.0,<p>National Vulnerability Database has provided the following description: <br /><em>SECOM WRTR-304GN-304TW-UPSC V02(unsupported-when-assigned) does not properly filter user input in the specific functionality. Unauthenticated remote attackers can exploit ,vulnerability--78aa09b4-359c-545c-8090-867b5bd3cf21,No Known,FALSE,FALSE,FALSE,09:21.0,HIGH,FALSE,1,LOW,NETWORK,HIGH,9.8,HIGH,UNPROVEN,HIGH,NONE,NOT_DEFINED,CONFIRMED,UNCHANGED,9.8,NONE,CVSS:3.1/AV:N/AC:L/PR:N/UI:N/S:U/C:H/I:H/A:H,NULL,NULL,NULL,NULL
93,1,CVE-2024-6047,2024-06-18 093515 mandiant vuln list.csv,35:15.0,<p>National Vulnerability Database has provided the following description: <br /><em>Certain EOL GeoVision devices fail to properly filter user input for the specific functionality. Unauthenticated remote attackers can exploit this vulnerability to inject ,vulnerability--0c68e5d4-58fb-5e6c-ba5a-9d3c4b39153c,No Known,FALSE,FALSE,FALSE,56:30.0,HIGH,FALSE,2,LOW,NETWORK,HIGH,9.8,HIGH,UNPROVEN,HIGH,NONE,NOT_DEFINED,CONFIRMED,UNCHANGED,9.8,NONE,CVSS:3.1/AV:N/AC:L/PR:N/UI:N/S:U/C:H/I:H/A:H,NULL,NULL,NULL,NULL
94,1,CVE-2024-6048,2024-06-18 093515 mandiant vuln list.csv,35:15.0,<p>National Vulnerability Database has provided the following description: <br /><em>Openfind's MailGates and MailAudit fail to properly filter user input when analyzing email attachments. An unauthenticated remote attacker can exploit this vulnerability t,vulnerability--fd2da66d-628c-5825-9da6-11c24c3cb1e8,No Known,FALSE,FALSE,FALSE,44:25.0,HIGH,FALSE,3,LOW,NETWORK,HIGH,9.8,HIGH,UNPROVEN,HIGH,NONE,OFFICIAL_FIX,CONFIRMED,UNCHANGED,8.5,NONE,CVSS:3.1/AV:N/AC:L/PR:N/UI:N/S:U/C:H/I:H/A:H/E:U/RL:O/RC:C,NULL,NULL,NULL,NULL
95,1,CVE-2024-3080,2024-06-18 093515 mandiant vuln list.csv,35:15.0,<p>National Vulnerability Database has provided the following description: <br /><em>Certain ASUS router models have authentication bypass vulnerability  allowing unauthenticated remote attackers to log in the device.</em></p>,vulnerability--4493a630-1c78-5caa-909f-b7452f4df4f6,No Known,FALSE,FALSE,FALSE,24:07.0,HIGH,FALSE,4,LOW,NETWORK,HIGH,9.8,HIGH,UNPROVEN,HIGH,NONE,OFFICIAL_FIX,CONFIRMED,UNCHANGED,8.5,NONE,CVSS:3.1/AV:N/AC:L/PR:N/UI:N/S:U/C:H/I:H/A:H/E:U/RL:O/RC:C,NULL,NULL,NULL,NULL
90,1,CVE-2024-32925,2024-06-13 093547 mandiant vuln list.csv,35:47.0,NULL,vulnerability--fd4d7573-4016-51dd-aca7-5c627581b9ae,No Known,FALSE,FALSE,FALSE,28:07.0,HIGH,FALSE,3,LOW,NETWORK,HIGH,10,HIGH,UNPROVEN,HIGH,NONE,OFFICIAL_FIX,CONFIRMED,CHANGED,8.7,NONE,CVSS:3.1/AV:N/AC:L/PR:N/UI:N/S:C/C:H/I:H/A:H/E:U/RL:O/RC:C,NULL,NULL,NULL,NULL
91,1,CVE-2024-29786,2024-06-13 093547 mandiant vuln list.csv,35:47.0,NULL,vulnerability--9d46c1ed-a832-5873-a0ae-e120c3701744,No Known,FALSE,FALSE,FALSE,28:05.0,HIGH,FALSE,4,LOW,NETWORK,HIGH,10,HIGH,UNPROVEN,HIGH,NONE,OFFICIAL_FIX,CONFIRMED,CHANGED,8.7,NONE,CVSS:3.1/AV:N/AC:L/PR:N/UI:N/S:C/C:H/I:H/A:H/E:U/RL:O/RC:C,NULL,NULL,NULL,NULL
88,1,CVE-2024-32896,2024-06-13 093547 mandiant vuln list.csv,35:47.0,NULL,vulnerability--8a2df367-213d-50e4-995b-d7bdefaf3ea7,Confirmed,FALSE,FALSE,TRUE,01:23.0,LOW,TRUE,1,LOW,PHYSICAL,LOW,4.3,LOW,FUNCTIONAL,LOW,NONE,OFFICIAL_FIX,CONFIRMED,UNCHANGED,4,NONE,CVSS:3.1/AV:P/AC:L/PR:N/UI:N/S:U/C:L/I:L/A:L/E:F/RL:O/RC:C,NULL,NULL,NULL,NULL
87,1,CVE-2024-30080,2024-06-12 093701 mandiant vuln list.csv,37:01.0,<p>National Vulnerability Database has provided the following description: <br /><em>Microsoft Message Queuing (MSMQ) Remote Code Execution Vulnerability</em></p>,vulnerability--81200626-5734-5b1b-9a21-8b426deed3e9,No Known,FALSE,FALSE,FALSE,45:14.0,HIGH,FALSE,1,LOW,NETWORK,HIGH,9.8,HIGH,UNPROVEN,HIGH,NONE,OFFICIAL_FIX,CONFIRMED,UNCHANGED,8.5,NONE,CVSS:3.1/AV:N/AC:L/PR:N/UI:N/S:U/C:H/I:H/A:H/E:U/RL:O/RC:C,NULL,NULL,NULL,NULL
76,1,CVE-2024-5480,2024-06-11 093632 mandiant vuln list.csv,36:32.0,<p>National Vulnerability Database has provided the following description: <br /><em>A vulnerability in the PyTorch's torch.distributed.rpc framework,vulnerability--90e972d2-5b2c-5afe-b1e8-58f5b525c5ff,No Known,FALSE,FALSE,FALSE,34:31.0,HIGH,FALSE,4,LOW,NETWORK,HIGH,10,HIGH,UNPROVEN,HIGH,NONE,OFFICIAL_FIX,CONFIRMED,CHANGED,8.7,NONE,CVSS:3.0/AV:N/AC:L/PR:N/UI:N/S:C/C:H/I:H/A:H/E:U/RL:O/RC:C,NULL,NULL,NULL,NULL
77,1,CVE-2024-5000,2024-06-11 093632 mandiant vuln list.csv,36:32.0,<p>National Vulnerability Database has provided the following description: <br /><em>An unauthenticated remote attacker can use a malicious OPC UA client to send a crafted request to affected CODESYS products which can cause a DoS due to incorrect calculat,vulnerability--d95b5db4-b635-5831-bf7b-61ed43c70fdf,No Known,FALSE,FALSE,FALSE,09:14.0,HIGH,FALSE,5,LOW,NETWORK,HIGH,7.5,NONE,UNPROVEN,NONE,NONE,OFFICIAL_FIX,CONFIRMED,UNCHANGED,6.5,NONE,CVSS:3.1/AV:N/AC:L/PR:N/UI:N/S:U/C:N/I:N/A:H/E:U/RL:O/RC:C,NULL,NULL,NULL,NULL
73,1,CVE-2024-20405,2024-06-11 093632 mandiant vuln list.csv,36:32.0,<p>Cisco Systems Inc. has provided the following description: <br /><em><p>A vulnerability in the web-based management interface of Cisco Finesse could allow an unauthenticated  remote attacker to conduct a stored XSS attack by exploiting an RFI vulnerabil,vulnerability--d31bb371-3d66-5f30-9341-b184e214eb9c,Available,FALSE,FALSE,FALSE,07:15.0,LOW,FALSE,1,LOW,NETWORK,NONE,4.8,LOW,UNPROVEN,LOW,HIGH,OFFICIAL_FIX,CONFIRMED,CHANGED,4.2,REQUIRED,CVSS:3.1/AV:N/AC:L/PR:H/UI:R/S:C/C:L/I:L/A:N/E:U/RL:O/RC:C,NULL,NULL,NULL,NULL
78,1,CVE-2024-4577,2024-06-11 093632 mandiant vuln list.csv,36:32.0,"<p>National Vulnerability Database has provided the following description: <br /><em><p>In PHP versions&nbsp;8.1.* before 8.1.29, 8.2.* before 8.2.20, 8.3.* before 8.3.8, when using Apache and PHP-CGI on Windows, if the system is set up to use certain code",vulnerability--7a97772e-1687-530b-9307-a9bf8d97d25d,Available,FALSE,FALSE,FALSE,05:44.0,HIGH,FALSE,6,LOW,NETWORK,HIGH,9.8,HIGH,UNPROVEN,HIGH,NONE,OFFICIAL_FIX,CONFIRMED,UNCHANGED,8.5,NONE,CVSS:3.1/AV:N/AC:L/PR:N/UI:N/S:U/C:H/I:H/A:H/E:U/RL:O/RC:C,NULL,NULL,NULL,NULL
75,1,CVE-2024-0520,2024-06-11 093632 mandiant vuln list.csv,36:32.0,<p>National Vulnerability Database has provided the following description: <br /><em>A vulnerability in mlflow/mlflow version 8.2.1 allows for remote code execution due to improper neutralization of special elements used in an OS command ('Command Injectio,vulnerability--965dc4ba-bc5d-56a6-8ec2-8ab060236941,Available,FALSE,FALSE,FALSE,00:45.0,MEDIUM,FALSE,3,HIGH,NETWORK,HIGH,8.1,HIGH,UNPROVEN,HIGH,NONE,OFFICIAL_FIX,CONFIRMED,UNCHANGED,7.1,NONE,CVSS:3.1/AV:N/AC:H/PR:N/UI:N/S:U/C:H/I:H/A:H/E:U/RL:O/RC:C,NULL,NULL,NULL,NULL
84,1,CVE-2024-2360,2024-06-11 093632 mandiant vuln list.csv,36:32.0,<p>National Vulnerability Database has provided the following description: <br /><em>parisneo/lollms-webui is vulnerable to path traversal attacks that can lead to remote code execution due to insufficient sanitization of user-supplied input in the 'Databa,vulnerability--a3c10062-d5a0-5c43-b69c-59200296c3f5,No Known,FALSE,FALSE,FALSE,19:45.0,HIGH,FALSE,12,LOW,NETWORK,HIGH,9.8,HIGH,UNPROVEN,HIGH,NONE,NOT_DEFINED,CONFIRMED,UNCHANGED,9.8,NONE,CVSS:3.0/AV:N/AC:L/PR:N/UI:N/S:U/C:H/I:H/A:H,NULL,NULL,NULL,NULL
80,1,CVE-2024-4320,2024-06-11 093632 mandiant vuln list.csv,36:32.0,"<p>National Vulnerability Database has provided the following description: <br /><em>A remote code execution (RCE) vulnerability exists in the '/install_extension' endpoint of the parisneo/lollms-webui application  specifically within the `@router.post(""/i",vulnerability--9a2e38c7-80d9-5622-b3a5-ec322cda8b2d,No Known,FALSE,FALSE,FALSE,19:45.0,HIGH,FALSE,8,LOW,NETWORK,HIGH,9.8,HIGH,UNPROVEN,HIGH,NONE,NOT_DEFINED,CONFIRMED,UNCHANGED,9.8,NONE,CVSS:3.0/AV:N/AC:L/PR:N/UI:N/S:U/C:H/I:H/A:H,NULL,NULL,NULL,NULL
79,1,CVE-2024-3408,2024-06-11 093632 mandiant vuln list.csv,36:32.0,<p>National Vulnerability Database has provided the following description: <br /><em>man-group/dtale version 3.10.0 is vulnerable to an authentication bypass and remote code execution (RCE) due to improper input validation. The vulnerability arises from a ,vulnerability--c0bd1449-f838-57bc-9ab7-91b6414fc909,No Known,FALSE,FALSE,FALSE,19:45.0,HIGH,FALSE,7,LOW,NETWORK,HIGH,9.8,HIGH,UNPROVEN,HIGH,NONE,NOT_DEFINED,CONFIRMED,UNCHANGED,9.8,NONE,CVSS:3.0/AV:N/AC:L/PR:N/UI:N/S:U/C:H/I:H/A:H,NULL,NULL,NULL,NULL
83,1,CVE-2024-5452,2024-06-11 093632 mandiant vuln list.csv,36:32.0,<p>National Vulnerability Database has provided the following description: <br /><em>A remote code execution (RCE) vulnerability exists in the lightning-ai/pytorch-lightning library version 2.2.1 due to improper handling of deserialized user input and mism,vulnerability--791e3682-0120-5c22-81b8-53f9ac9b5b6a,No Known,FALSE,FALSE,FALSE,19:45.0,HIGH,FALSE,11,LOW,NETWORK,HIGH,9.8,HIGH,UNPROVEN,HIGH,NONE,NOT_DEFINED,CONFIRMED,UNCHANGED,9.8,NONE,CVSS:3.0/AV:N/AC:L/PR:N/UI:N/S:U/C:H/I:H/A:H,NULL,NULL,NULL,NULL
82,1,CVE-2024-3429,2024-06-11 093632 mandiant vuln list.csv,36:32.0,<p>National Vulnerability Database has provided the following description: <br /><em>A path traversal vulnerability exists in the parisneo/lollms application  specifically within the `sanitize_path_from_endpoint` and `sanitize_path` functions in `lollms_co,vulnerability--2b2122d0-8998-5400-a3d1-c2aeed25eac2,No Known,FALSE,FALSE,FALSE,19:45.0,HIGH,FALSE,10,LOW,NETWORK,HIGH,9.8,HIGH,UNPROVEN,HIGH,NONE,OFFICIAL_FIX,CONFIRMED,UNCHANGED,8.5,NONE,CVSS:3.0/AV:N/AC:L/PR:N/UI:N/S:U/C:H/I:H/A:H/E:U/RL:O/RC:C,NULL,NULL,NULL,NULL
81,1,CVE-2024-2359,2024-06-11 093632 mandiant vuln list.csv,36:32.0,<p>National Vulnerability Database has provided the following description: <br /><em>A vulnerability in the parisneo/lollms-webui version 9.3 allows attackers to bypass intended access restrictions and execute arbitrary code. The issue arises from the appl,vulnerability--2c34f6f4-a83b-5788-8ed1-48f60e6a53dc,No Known,FALSE,FALSE,FALSE,19:45.0,HIGH,FALSE,9,LOW,NETWORK,HIGH,9.8,HIGH,UNPROVEN,HIGH,NONE,NOT_DEFINED,CONFIRMED,UNCHANGED,9.8,NONE,CVSS:3.0/AV:N/AC:L/PR:N/UI:N/S:U/C:H/I:H/A:H,NULL,NULL,NULL,NULL
85,1,CVE-2024-4146,2024-06-11 093632 mandiant vuln list.csv,36:32.0,<p>National Vulnerability Database has provided the following description: <br /><em>In lunary-ai/lunary version v1.2.13  an improper authorization vulnerability exists that allows unauthorized users to access and manipulate projects within an organization,vulnerability--4cb95dc2-c963-5ec4-8ee4-5d7db894f528,No Known,FALSE,FALSE,FALSE,58:04.0,HIGH,FALSE,13,LOW,NETWORK,HIGH,9.8,HIGH,UNPROVEN,HIGH,NONE,OFFICIAL_FIX,CONFIRMED,UNCHANGED,8.5,NONE,CVSS:3.0/AV:N/AC:L/PR:N/UI:N/S:U/C:H/I:H/A:H/E:U/RL:O/RC:C,NULL,NULL,NULL,NULL
86,1,CVE-2024-31244,2024-06-11 093632 mandiant vuln list.csv,36:32.0,<p>National Vulnerability Database has provided the following description: <br /><em>Missing Authorization vulnerability in Bricksforge.This issue affects Bricksforge: from n/a through 2.0.17.</em></p>,vulnerability--86225a65-4cc5-5531-bdc2-0e8b13e34992,No Known,FALSE,FALSE,FALSE,12:09.0,HIGH,FALSE,14,LOW,NETWORK,HIGH,9.8,HIGH,UNPROVEN,HIGH,NONE,OFFICIAL_FIX,CONFIRMED,UNCHANGED,8.5,NONE,CVSS:3.1/AV:N/AC:L/PR:N/UI:N/S:U/C:H/I:H/A:H/E:U/RL:O/RC:C,NULL,NULL,NULL,NULL
68,1,CVE-2024-4358,2024-06-04 093619 mandiant vuln list.csv,36:19.0,<p>Zero Day Initiative has provided the following description: <br /><em>This vulnerability allows remote attackers to bypass authentication on affected installations of Progress Software Telerik Reporting. Authentication is not required to exploit this vu,vulnerability--d3a17855-da77-55eb-94f3-7404643cf587,No Known,FALSE,FALSE,FALSE,01:55.0,HIGH,FALSE,1,LOW,NETWORK,HIGH,9.8,HIGH,UNPROVEN,HIGH,NONE,OFFICIAL_FIX,CONFIRMED,UNCHANGED,8.5,NONE,CVSS:3.0/AV:N/AC:L/PR:N/UI:N/S:U/C:H/I:H/A:H/E:U/RL:O/RC:C,NULL,NULL,NULL,NULL
69,1,CVE-2024-2420,2024-06-04 093619 mandiant vuln list.csv,36:19.0,<p>Cybersecurity and Infrastructure Security Agency (CISA) has provided the following description: <br /><em><p>LenelS2 NetBox access control and event monitoring system was discovered to contain hard-coded credentials in versions prior to and including 5.,vulnerability--1bb80a34-8a61-5581-ad4d-2a8948b0a9b4,Available,FALSE,FALSE,FALSE,01:39.0,HIGH,FALSE,2,LOW,NETWORK,HIGH,9.8,HIGH,UNPROVEN,HIGH,NONE,OFFICIAL_FIX,CONFIRMED,UNCHANGED,8.5,NONE,CVSS:3.1/AV:N/AC:L/PR:N/UI:N/S:U/C:H/I:H/A:H/E:U/RL:O/RC:C,NULL,NULL,NULL,NULL
70,1,CVE-2024-36388,2024-06-04 093619 mandiant vuln list.csv,36:19.0,<p>National Vulnerability Database has provided the following description: <br /><em>MileSight DeviceHub - CWE-305 Missing Authentication for Critical Function</em></p>,vulnerability--6e1fead6-c655-596c-b6d6-0a0ad97cc174,No Known,FALSE,FALSE,FALSE,48:04.0,HIGH,FALSE,3,LOW,NETWORK,HIGH,10,HIGH,UNPROVEN,HIGH,NONE,NOT_DEFINED,CONFIRMED,CHANGED,10,NONE,CVSS:3.1/AV:N/AC:L/PR:N/UI:N/S:C/C:H/I:H/A:H,NULL,NULL,NULL,NULL
71,1,CVE-2024-36389,2024-06-04 093619 mandiant vuln list.csv,36:19.0,<p>National Vulnerability Database has provided the following description: <br /><em>MileSight DeviceHub - CWE-330 Use of Insufficiently Random Values may allow Authentication Bypass</em></p>,vulnerability--9c4137ec-311f-5b2c-b716-3b19dfe612ec,No Known,FALSE,FALSE,FALSE,48:04.0,HIGH,FALSE,4,LOW,NETWORK,HIGH,9.8,HIGH,UNPROVEN,HIGH,NONE,NOT_DEFINED,CONFIRMED,UNCHANGED,9.8,NONE,CVSS:3.1/AV:N/AC:L/PR:N/UI:N/S:U/C:H/I:H/A:H,NULL,NULL,NULL,NULL
72,1,CVE-2024-27776,2024-06-04 093619 mandiant vuln list.csv,36:19.0,<p>National Vulnerability Database has provided the following description: <br /><em>MileSight DeviceHub - CWE-22 Improper Limitation of a Pathname to a Restricted Directory ('Path Traversal') may allow Unauthenticated RCE</em></p>,vulnerability--797c5c0e-ce03-5128-ba1e-1eb48cf7a6e6,No Known,FALSE,FALSE,FALSE,18:20.0,HIGH,FALSE,5,LOW,NETWORK,HIGH,9.8,HIGH,UNPROVEN,HIGH,NONE,NOT_DEFINED,CONFIRMED,UNCHANGED,9.8,NONE,CVSS:3.1/AV:N/AC:L/PR:N/UI:N/S:U/C:H/I:H/A:H,NULL,NULL,NULL,NULL
66,1,CVE-2024-24919,2024-05-31 093451 mandiant vuln list.csv,34:51.0,<p>Tenable Inc. has provided the following description: <br /><em><p>CVE-2024-24919 is an information disclosure vulnerability that can allow an attacker to access certain information on internet-connected Gateways which have been configured with IPSec VPN,vulnerability--704dd039-55a0-546a-8649-933d66b70a93,Available,FALSE,FALSE,FALSE,37:01.0,MEDIUM,FALSE,1,LOW,NETWORK,NONE,7.5,HIGH,UNPROVEN,NONE,NONE,OFFICIAL_FIX,CONFIRMED,UNCHANGED,6.5,NONE,CVSS:3.1/AV:N/AC:L/PR:N/UI:N/S:U/C:H/I:N/A:N/E:U/RL:O/RC:C,NULL,NULL,NULL,NULL
65,1,CVE-2024-5407,2024-05-29 093355 mandiant vuln list.csv,33:55.0,"<p>National Vulnerability Database has provided the following description: <br /><em>A vulnerability in RhinOS 3.0-1190 could allow PHP code injection through the ""search"" parameter in /portal/search.htm. This vulnerability could allow a remote attacker to",vulnerability--f7711315-0b25-54d5-8e04-13ae107a22d6,No Known,FALSE,FALSE,FALSE,21:12.0,HIGH,FALSE,1,LOW,NETWORK,HIGH,10,HIGH,UNPROVEN,HIGH,NONE,OFFICIAL_FIX,CONFIRMED,CHANGED,8.7,NONE,CVSS:3.1/AV:N/AC:L/PR:N/UI:N/S:C/C:H/I:H/A:H/E:U/RL:O/RC:C,NULL,NULL,NULL,NULL
60,1,CVE-2024-5274,2024-05-25 093857 mandiant vuln list.csv,38:57.0,<p>Google LLC has provided the following description: <br /><em><p>Type Confusion in V8.</p></em></p>,vulnerability--718bdddf-8c53-5eaa-b3df-0e92cf244af5,Confirmed,FALSE,FALSE,TRUE,00:55.0,MEDIUM,TRUE,1,LOW,NETWORK,HIGH,8.8,HIGH,FUNCTIONAL,HIGH,NONE,OFFICIAL_FIX,CONFIRMED,UNCHANGED,8.2,REQUIRED,CVSS:3.1/AV:N/AC:L/PR:N/UI:R/S:U/C:H/I:H/A:H/E:F/RL:O/RC:C,NA,NA,NA,NA
61,1,CVE-2024-4978,2024-05-25 093857 mandiant vuln list.csv,38:57.0,"<p>Rapid7 has provided the following description: <br /><em><p>On Friday, May 10, 2024, Rapid7 initiated an investigation into an incident involving the execution of a binary named fffmpeg.exe from within the file path C:\Program Files (x86)\JAVS\Viewer 8\",vulnerability--8e0e7583-ade0-5e64-ac2c-37d7f9623c30,Confirmed,FALSE,FALSE,TRUE,01:15.0,MEDIUM,TRUE,2,LOW,NETWORK,HIGH,8.8,HIGH,FUNCTIONAL,HIGH,NONE,OFFICIAL_FIX,CONFIRMED,UNCHANGED,8.2,REQUIRED,CVSS:3.1/AV:N/AC:L/PR:N/UI:R/S:U/C:H/I:H/A:H/E:F/RL:O/RC:C,NA,NA,NA,NA
64,1,CVE-2024-35059,2024-05-25 093857 mandiant vuln list.csv,38:57.0,<p>GitHub Inc. has provided the following description: <br /><em><p>An issue in the Pickle Python library of NASA AIT-Core v2.5.2 allows attackers to execute arbitrary commands.</p></em></p>,vulnerability--b12bc80c-bde9-52f3-bd17-d59d666692e9,No Known,FALSE,FALSE,FALSE,37:47.0,HIGH,FALSE,5,LOW,NETWORK,HIGH,9.8,HIGH,UNPROVEN,HIGH,NONE,NOT_DEFINED,CONFIRMED,UNCHANGED,9.8,NONE,CVSS:3.1/AV:N/AC:L/PR:N/UI:N/S:U/C:H/I:H/A:H,NA,NA,NA,NA
59,1,CVE-2023-51637,2024-05-21 093524 mandiant vuln list.csv,35:24.0,<p>Zero Day Initiative has provided the following description: <br /><em><p>This vulnerability allows remote attackers to execute arbitrary code on affected installations of Sante PACS Server PG. Authentication is not required to exploit this vulnerability,vulnerability--7668b0c8-d240-52d6-b25a-39af1d3d432f,No Known,FALSE,FALSE,FALSE,05:55.0,HIGH,FALSE,1,LOW,NETWORK,HIGH,9.8,HIGH,UNPROVEN,HIGH,NONE,OFFICIAL_FIX,CONFIRMED,UNCHANGED,8.5,NONE,CVSS:3.0/AV:N/AC:L/PR:N/UI:N/S:U/C:H/I:H/A:H/E:U/RL:O/RC:C,NULL,NULL,NULL,NULL
56,1,CVE-2024-2358,2024-05-18 093805 mandiant vuln list.csv,38:05.0,<p>National Vulnerability Database has provided the following description: <br /><em>A path traversal vulnerability in the '/apply_settings' endpoint of parisneo/lollms-webui allows attackers to execute arbitrary code. The vulnerability arises due to insuf,vulnerability--d02c4613-a456-5707-8c4d-cdd1a48c3c92,Available,FALSE,FALSE,FALSE,20:25.0,HIGH,FALSE,1,LOW,NETWORK,HIGH,9.8,HIGH,UNPROVEN,HIGH,NONE,OFFICIAL_FIX,CONFIRMED,UNCHANGED,8.5,NONE,CVSS:3.0/AV:N/AC:L/PR:N/UI:N/S:U/C:H/I:H/A:H/E:U/RL:O/RC:C,NA,NA,NA,NA
57,1,CVE-2024-4326,2024-05-18 093805 mandiant vuln list.csv,38:05.0,<p>National Vulnerability Database has provided the following description: <br /><em>A vulnerability in parisneo/lollms-webui versions up to 9.3 allows remote attackers to execute arbitrary code. The vulnerability stems from insufficient protection of the ,vulnerability--bb50b7df-3435-50a4-9370-786dc0918909,Available,FALSE,FALSE,FALSE,13:46.0,HIGH,FALSE,2,LOW,NETWORK,HIGH,9.8,HIGH,UNPROVEN,HIGH,NONE,OFFICIAL_FIX,CONFIRMED,UNCHANGED,8.5,NONE,CVSS:3.0/AV:N/AC:L/PR:N/UI:N/S:U/C:H/I:H/A:H/E:U/RL:O/RC:C,NA,NA,NA,NA
58,1,CVE-2024-4078,2024-05-18 093805 mandiant vuln list.csv,38:05.0,<p>National Vulnerability Database has provided the following description: <br /><em>A vulnerability in the parisneo/lollms specifically in the `/unInstall_binding` endpoint  allows for arbitrary code execution due to insufficient sanitization of user inp,vulnerability--644efb8e-39d1-580c-9357-64b57be3377a,Available,FALSE,FALSE,FALSE,05:22.0,HIGH,FALSE,3,LOW,NETWORK,HIGH,9.8,HIGH,UNPROVEN,HIGH,NONE,OFFICIAL_FIX,CONFIRMED,UNCHANGED,8.5,NONE,CVSS:3.0/AV:N/AC:L/PR:N/UI:N/S:U/C:H/I:H/A:H/E:U/RL:O/RC:C,NA,NA,NA,NA
55,1,CVE-2024-22476,2024-05-16 094013 mandiant vuln list.csv,40:13.0,<p>Intel Corp. has provided the following description: <br /><em><p>Improper input validation in some Intel&reg; Neural Compressor software before version 2.5.0 may allow an unauthenticated user to potentially enable escalation of privilege via remote acce,vulnerability--3fe8c336-9644-5e5c-a821-299e0c41cd63,No Known,FALSE,FALSE,FALSE,22:00.0,HIGH,FALSE,1,LOW,NETWORK,HIGH,10,HIGH,UNPROVEN,HIGH,NONE,OFFICIAL_FIX,CONFIRMED,CHANGED,8.7,NONE,CVSS:3.1/AV:N/AC:L/PR:N/UI:N/S:C/C:H/I:H/A:H/E:U/RL:O/RC:C,NULL,NULL,NULL,NULL
51,1,CVE-2024-30051,2024-05-15 093948 mandiant vuln list.csv,39:48.0,<p>CISA has provided the following description: <br /><em>Microsoft DWM Core Library contains a privilege escalation vulnerability that allows an attacker to gain SYSTEM privileges.</em></p>,vulnerability--8a0bbe37-c0e6-5bd6-bc07-193dad5a5990,Confirmed,FALSE,FALSE,TRUE,30:04.0,MEDIUM,TRUE,7,LOW,LOCAL,HIGH,7.8,HIGH,FUNCTIONAL,HIGH,LOW,OFFICIAL_FIX,CONFIRMED,UNCHANGED,7.2,NONE,CVSS:3.1/AV:L/AC:L/PR:L/UI:N/S:U/C:H/I:H/A:H/E:F/RL:O/RC:C,NULL,NULL,NULL,NULL
46,1,CVE-2024-30040,2024-05-15 093948 mandiant vuln list.csv,39:48.0,<p>CISA has provided the following description: <br /><em>Microsoft Windows MSHTML Platform contains an unspecified vulnerability that allows for a security feature bypass.</em></p>,vulnerability--21de8307-fae8-5788-8079-cc6f065051fb,Confirmed,FALSE,FALSE,TRUE,30:02.0,MEDIUM,TRUE,2,LOW,NETWORK,HIGH,8.8,HIGH,FUNCTIONAL,HIGH,NONE,OFFICIAL_FIX,CONFIRMED,UNCHANGED,8.2,REQUIRED,CVSS:3.1/AV:N/AC:L/PR:N/UI:R/S:U/C:H/I:H/A:H/E:F/RL:O/RC:C,NULL,NULL,NULL,NULL
50,1,CVE-2024-4761,2024-05-15 093948 mandiant vuln list.csv,39:48.0,<p>National Vulnerability Database has provided the following description: <br /><em>Out of bounds write in V8 in Google Chrome prior to 124.0.6367.207 allowed a remote attacker to perform an out of bounds memory write via a crafted HTML page. (Chromium se,vulnerability--3a53d905-61ab-54e9-b258-9073e142319e,Confirmed,FALSE,FALSE,TRUE,04:36.0,MEDIUM,TRUE,6,NULL,NULL,NULL,NULL,NULL,NULL,NULL,NULL,NULL,NULL,NULL,NULL,NULL,NULL,NULL,NULL,NULL,NULL
53,1,CVE-2024-32004,2024-05-15 093948 mandiant vuln list.csv,39:48.0,"<p>National Vulnerability Database has provided the following description: <br /><em>Git is a revision control system. Prior to versions 2.45.1, 2.44.1, 2.43.4, 2.42.2, 2.41.1, 2.40.2, and 2.39.4, an attacker can prepare a local repository in such a way th",vulnerability--48037446-ea1b-5ab5-94f0-598d1ee0fbb5,No Known,FALSE,FALSE,FALSE,01:52.0,HIGH,FALSE,9,HIGH,LOCAL,HIGH,8.1,HIGH,UNPROVEN,HIGH,NONE,OFFICIAL_FIX,CONFIRMED,CHANGED,7.1,NONE,CVSS:3.1/AV:L/AC:H/PR:N/UI:N/S:C/C:H/I:H/A:H/E:U/RL:O/RC:C,NULL,NULL,NULL,NULL
54,1,CVE-2024-32002,2024-05-15 093948 mandiant vuln list.csv,39:48.0,"<p>National Vulnerability Database has provided the following description: <br /><em>Git is a revision control system. Prior to versions 2.45.1, 2.44.1, 2.43.4, 2.42.2, 2.41.1, 2.40.2, and 2.39.4, repositories with submodules can be crafted in a way that e",vulnerability--b0a01f8c-ef60-5be6-a9e0-082dafc48359,No Known,FALSE,FALSE,FALSE,01:11.0,HIGH,FALSE,10,HIGH,NETWORK,HIGH,9,HIGH,UNPROVEN,HIGH,NONE,OFFICIAL_FIX,CONFIRMED,CHANGED,7.8,NONE,CVSS:3.1/AV:N/AC:H/PR:N/UI:N/S:C/C:H/I:H/A:H/E:U/RL:O/RC:C,NULL,NULL,NULL,NULL
43,1,CVE-2024-4671,2024-05-11 094915 mandiant vuln list.csv,49:15.0,<p>Google LLC has provided the following description: <br /><em><p>Use after free in Visuals.</p></em></p>,vulnerability--dcc412a5-9e12-5542-bf44-62ab4bc9486d,Confirmed,FALSE,FALSE,TRUE,49:47.0,MEDIUM,TRUE,1,LOW,NETWORK,HIGH,8.8,HIGH,FUNCTIONAL,HIGH,NONE,OFFICIAL_FIX,CONFIRMED,UNCHANGED,8.2,REQUIRED,CVSS:3.1/AV:N/AC:L/PR:N/UI:R/S:U/C:H/I:H/A:H/E:F/RL:O/RC:C,NULL,NULL,NULL,NULL
42,1,MVE-2024-10661,2024-05-09 094526 mandiant vuln list.csv,45:26.0,<p>Bishop Fox has provided the following description: <br /><em><p>Netscaler ADC and Gateway products were vulnerable to an unauthenticated out-of-bounds memory read which could be exploited to capture sensitive information from the appliances process memo,vulnerability--0dfd3a77-1592-5c29-873b-d39bc093f104,Available,FALSE,FALSE,FALSE,05:40.0,LOW,FALSE,1,LOW,NETWORK,NONE,5.3,LOW,UNPROVEN,NONE,NONE,OFFICIAL_FIX,CONFIRMED,UNCHANGED,4.6,NONE,CVSS:3.1/AV:N/AC:L/PR:N/UI:N/S:U/C:L/I:N/A:N/E:U/RL:O/RC:C,NULL,NULL,NULL,NULL
36,1,CVE-2024-26305,2024-05-07 095554 mandiant vuln list.csv,55:54.0,<p>Aruba Networks Inc. has provided the following description: <br /><em><p>There is a buffer overflow vulnerability in the underlying Utility daemon that could lead to unauthenticated remote code execution by sending specially crafted packets destined to ,vulnerability--56cdb000-d798-59d3-8757-26c61fd73b35,No Known,FALSE,FALSE,FALSE,58:26.0,HIGH,FALSE,1,LOW,NETWORK,HIGH,9.8,HIGH,UNPROVEN,HIGH,NONE,OFFICIAL_FIX,CONFIRMED,UNCHANGED,8.5,NONE,CVSS:3.1/AV:N/AC:L/PR:N/UI:N/S:U/C:H/I:H/A:H/E:U/RL:O/RC:C,NULL,NULL,NULL,NULL
37,1,CVE-2024-33511,2024-05-07 095554 mandiant vuln list.csv,55:54.0,<p>Aruba Networks Inc. has provided the following description: <br /><em><p>There is a buffer overflow vulnerability in the underlying Automatic Reporting service that could lead to unauthenticated remote code execution by sending specially crafted packets,vulnerability--39a6a5bb-7367-5ad6-a545-6f210d654745,No Known,FALSE,FALSE,FALSE,58:23.0,HIGH,FALSE,2,LOW,NETWORK,HIGH,9.8,HIGH,UNPROVEN,HIGH,NONE,OFFICIAL_FIX,CONFIRMED,UNCHANGED,8.5,NONE,CVSS:3.1/AV:N/AC:L/PR:N/UI:N/S:U/C:H/I:H/A:H/E:U/RL:O/RC:C,NULL,NULL,NULL,NULL
38,1,CVE-2024-33512,2024-05-07 095554 mandiant vuln list.csv,55:54.0,<p>Aruba Networks Inc. has provided the following description: <br /><em><p>There is a buffer overflow vulnerability in the underlying Local User Authentication Database service that could lead to unauthenticated remote code execution by sending specially ,vulnerability--807c979b-49cf-5f7b-9fb6-f53e81ac4b7c,No Known,FALSE,FALSE,FALSE,58:21.0,HIGH,FALSE,3,LOW,NETWORK,HIGH,9.8,HIGH,UNPROVEN,HIGH,NONE,OFFICIAL_FIX,CONFIRMED,UNCHANGED,8.5,NONE,CVSS:3.1/AV:N/AC:L/PR:N/UI:N/S:U/C:H/I:H/A:H/E:U/RL:O/RC:C,NULL,NULL,NULL,NULL
39,1,CVE-2024-32047,2024-05-07 095554 mandiant vuln list.csv,55:54.0,<p>Cybersecurity and Infrastructure Security Agency (CISA) has provided the following description: <br /><em>Hard-coded credentials for the test server can be found in the production code. This might result in an attacker gaining access to the testing or p,vulnerability--22fdde7a-c458-5350-a136-aea01c04cf9e,Available,FALSE,FALSE,FALSE,44:56.0,HIGH,FALSE,4,LOW,NETWORK,HIGH,9.8,HIGH,UNPROVEN,HIGH,NONE,OFFICIAL_FIX,CONFIRMED,UNCHANGED,8.5,NONE,CVSS:3.0/AV:N/AC:L/PR:N/UI:N/S:U/C:H/I:H/A:H/E:U/RL:O/RC:C,NULL,NULL,NULL,NULL
40,1,CVE-2024-34025,2024-05-07 095554 mandiant vuln list.csv,55:54.0,<p>Cybersecurity and Infrastructure Security Agency (CISA) has provided the following description: <br /><em><p>The application code contains a hard-coded JWT signing key. This could result in an attacker forging JWT tokens to bypass authentication.</p></e,vulnerability--ab18a8a1-bdcc-54df-a6c1-053f2d5d22ce,Available,FALSE,FALSE,FALSE,41:16.0,HIGH,FALSE,5,LOW,NETWORK,HIGH,9.8,HIGH,UNPROVEN,HIGH,NONE,OFFICIAL_FIX,CONFIRMED,UNCHANGED,8.5,NONE,CVSS:3.0/AV:N/AC:L/PR:N/UI:N/S:U/C:H/I:H/A:H/E:U/RL:O/RC:C,NULL,NULL,NULL,NULL
41,1,CVE-2024-32053,2024-05-07 095554 mandiant vuln list.csv,55:54.0,<p>Cybersecurity and Infrastructure Security Agency (CISA) has provided the following description: <br /><em><p>Hard-coded credentials are used by the platform to authenticate to the database  other services  and the cloud. This could result in an attacker,vulnerability--a10b9702-97d9-5298-bd33-fc64621202cf,Available,FALSE,FALSE,FALSE,41:16.0,HIGH,FALSE,6,LOW,NETWORK,HIGH,9.8,HIGH,UNPROVEN,HIGH,NONE,OFFICIAL_FIX,CONFIRMED,UNCHANGED,8.5,NONE,CVSS:3.0/AV:N/AC:L/PR:N/UI:N/S:U/C:H/I:H/A:H/E:U/RL:O/RC:C,NULL,NULL,NULL,NULL
35,1,MVE-2024-9831,2024-05-01 093806 mandiant vuln list.csv,38:06.0,"<p>usd HeroLab has provided the following description: <br /><em><p>The password reset functionality checks for the existence of a password recovery token.<br>  this check can be bypassed with a space character (""%20"").</p></em></p>However",vulnerability--eadd5ed3-4b37-570d-9ce9-a4e4dbb708b2,Available,FALSE,FALSE,FALSE,06:49.0,HIGH,FALSE,1,LOW,NETWORK,HIGH,9.8,HIGH,UNPROVEN,HIGH,NONE,OFFICIAL_FIX,CONFIRMED,UNCHANGED,8.5,NONE,CVSS:3.1/AV:N/AC:L/PR:N/UI:N/S:U/C:H/I:H/A:H/E:U/RL:O/RC:C,NULL,NULL,NULL,NULL
33,1,CVE-2024-3191,2024-04-30 093402 mandiant vuln list.csv,34:02.0,<p>National Vulnerability Database has provided the following description: <br /><em>A vulnerability  which was classified as critical  has been found in MailCleaner up to 2023.03.14. This issue affects some unknown processing of the component Email Handle,vulnerability--f57f569b-6a23-51df-b987-dc922419eada,No Known,FALSE,FALSE,FALSE,14:45.0,HIGH,FALSE,1,LOW,NETWORK,HIGH,9.8,HIGH,UNPROVEN,HIGH,NONE,OFFICIAL_FIX,CONFIRMED,UNCHANGED,8.5,NONE,CVSS:3.1/AV:N/AC:L/PR:N/UI:N/S:U/C:H/I:H/A:H/E:U/RL:O/RC:C,NULL,NULL,NULL,NULL
34,1,CVE-2024-33566,2024-04-30 093402 mandiant vuln list.csv,34:02.0,<p>National Vulnerability Database has provided the following description: <br /><em>Missing Authorization vulnerability in N-Media OrderConvo allows OS Command Injection.This issue affects OrderConvo: from n/a through 12.4.</em></p>,vulnerability--3204b719-7568-5c84-bc04-dc7723bc4f75,No Known,FALSE,FALSE,FALSE,46:44.0,HIGH,FALSE,2,LOW,NETWORK,HIGH,10,HIGH,UNPROVEN,HIGH,NONE,OFFICIAL_FIX,CONFIRMED,CHANGED,8.7,NONE,CVSS:3.1/AV:N/AC:L/PR:N/UI:N/S:C/C:H/I:H/A:H/E:U/RL:O/RC:C,NULL,NULL,NULL,NULL
32,1,CVE-2024-32651,2024-04-27 093843 mandiant vuln list.csv,38:43.0,<p>National Vulnerability Database has provided the following description: <br /><em>changedetection.io is an open source web page change detection  website watcher  restock monitor and notification service. There is a Server Side Template Injection (SSTI),vulnerability--63448ac9-75c3-51ea-a308-43cf85e9ba9a,Available,FALSE,FALSE,FALSE,43:38.0,HIGH,FALSE,1,LOW,NETWORK,HIGH,9.8,HIGH,UNPROVEN,HIGH,NONE,OFFICIAL_FIX,CONFIRMED,UNCHANGED,8.5,NONE,CVSS:3.1/AV:N/AC:L/PR:N/UI:N/S:U/C:H/I:H/A:H/E:U/RL:O/RC:C,NULL,NULL,NULL,NULL
26,1,CVE-2024-20353,2024-04-25 093429 mandiant vuln list.csv,34:29.0,<p>Cisco Systems Inc. has provided the following description: <br /><em><p>A vulnerability in the management and VPN web servers for Cisco Adaptive Security Appliance (ASA) Software and Cisco Firepower Threat Defense (FTD) Software could allow an unauthent,vulnerability--13a45cd3-2ce8-5467-909d-b8d0d0602232,Confirmed,FALSE,FALSE,TRUE,10:36.0,MEDIUM,TRUE,1,LOW,NETWORK,HIGH,8.6,NONE,FUNCTIONAL,NONE,NONE,OFFICIAL_FIX,CONFIRMED,CHANGED,8,NONE,CVSS:3.1/AV:N/AC:L/PR:N/UI:N/S:C/C:N/I:N/A:H/E:F/RL:O/RC:C,NA,NA,NA,NA
31,1,CVE-2024-20359,2024-04-25 093429 mandiant vuln list.csv,34:29.0,<p>Cisco Systems Inc. has provided the following description: <br /><em><p>A vulnerability in a legacy capability that allowed for the preloading of VPN clients and plug-ins and that has been available in Cisco Adaptive Security Appliance (ASA) Software an,vulnerability--6431696a-53d3-553d-a926-b69811d0c5c7,Confirmed,FALSE,FALSE,TRUE,45:23.0,MEDIUM,TRUE,6,LOW,LOCAL,NONE,6,HIGH,FUNCTIONAL,HIGH,HIGH,OFFICIAL_FIX,CONFIRMED,UNCHANGED,5.6,NONE,CVSS:3.1/AV:L/AC:L/PR:H/UI:N/S:U/C:H/I:H/A:N/E:F/RL:O/RC:C,NA,NA,NA,NA
25,1,CVE-2024-32038,2024-04-23 093409 mandiant vuln list.csv,34:09.0,<p>National Vulnerability Database has provided the following description: <br /><em>Wazuh is a free and open source platform used for threat prevention detection  and response. There is a buffer overflow hazard in wazuh-analysisd when handling Unicode ch,vulnerability--d17ed402-9dcd-5bcc-be99-ca6723bbc668,No Known,FALSE,FALSE,FALSE,40:10.0,HIGH,FALSE,1,LOW,NETWORK,HIGH,9.8,HIGH,UNPROVEN,HIGH,NONE,NOT_DEFINED,CONFIRMED,UNCHANGED,9.8,NONE,CVSS:3.1/AV:N/AC:L/PR:N/UI:N/S:U/C:H/I:H/A:H,NULL,NULL,NULL,NULL
24,1,CVE-2024-3817,2024-04-19 093441 mandiant vuln list.csv,34:41.0,<p>National Vulnerability Database has provided the following description: <br /><em>HashiCorp’s go-getter library is vulnerable to argument injection when executing Git to discover remote branches. This vulnerability does not affect the go-getter/v2 bra,vulnerability--5ad1eb92-eeb2-512a-bd7e-3e26dc7625f0,No Known,FALSE,FALSE,FALSE,52:42.0,HIGH,FALSE,1,LOW,NETWORK,HIGH,9.8,HIGH,UNPROVEN,HIGH,NONE,NOT_DEFINED,CONFIRMED,UNCHANGED,9.8,NONE,CVSS:3.1/AV:N/AC:L/PR:N/UI:N/S:U/C:H/I:H/A:H,NULL,NULL,NULL,NULL
23,1,CVE-2024-21082,2024-04-17 093346 mandiant vuln list.csv,33:46.0,<p>National Vulnerability Database has provided the following description: <br /><em>Vulnerability in the Oracle BI Publisher product of Oracle Analytics (component: XML Services).  Supported versions that are affected are 7.0.0.0.0 and  12.2.1.4.0. Easily,vulnerability--825cd2cd-32ac-5c25-b34d-88f0c5775847,No Known,FALSE,FALSE,FALSE,45:07.0,HIGH,FALSE,2,LOW,NETWORK,HIGH,9.8,HIGH,UNPROVEN,HIGH,NONE,NOT_DEFINED,CONFIRMED,UNCHANGED,9.8,NONE,CVSS:3.1/AV:N/AC:L/PR:N/UI:N/S:U/C:H/I:H/A:H,NULL,NULL,NULL,NULL
22,1,CVE-2024-21014,2024-04-17 093346 mandiant vuln list.csv,33:46.0,<p>National Vulnerability Database has provided the following description: <br /><em>Vulnerability in the Oracle Hospitality Simphony product of Oracle Food and Beverage Applications (component: Simphony Enterprise Server).  Supported versions that are aff,vulnerability--5382f4a5-9c70-5061-8362-408499cc169b,No Known,FALSE,FALSE,FALSE,45:07.0,HIGH,FALSE,1,LOW,NETWORK,HIGH,9.8,HIGH,UNPROVEN,HIGH,NONE,NOT_DEFINED,CONFIRMED,UNCHANGED,9.8,NONE,CVSS:3.1/AV:N/AC:L/PR:N/UI:N/S:U/C:H/I:H/A:H,NULL,NULL,NULL,NULL
18,1,CVE-2024-29836,2024-04-16 093426 mandiant vuln list.csv,34:26.0,<p>National Vulnerability Database has provided the following description: <br /><em>The Web interface of Evolution Controller Versions 2.04.560.31.03.2024 and below contains poorly configured access control  allowing for an unauthenticated attacker to upd,vulnerability--2cad4da2-3448-5f58-ad4c-f2369e469634,No Known,FALSE,FALSE,FALSE,07:55.0,HIGH,FALSE,2,LOW,NETWORK,HIGH,9.8,HIGH,UNPROVEN,HIGH,NONE,NOT_DEFINED,CONFIRMED,UNCHANGED,9.8,NONE,CVSS:3.1/AV:N/AC:L/PR:N/UI:N/S:U/C:H/I:H/A:H,NULL,NULL,NULL,NULL
19,1,CVE-2024-29844,2024-04-16 093426 mandiant vuln list.csv,34:26.0,<p>National Vulnerability Database has provided the following description: <br /><em>Default credentials on the Web Interface of Evolution Controller 2.x (123 and 123) allows anyone to log in to the server directly to perform administrative functions. Upon,vulnerability--765b666c-901c-5f64-bd03-05e70977197d,No Known,FALSE,FALSE,FALSE,00:22.0,HIGH,FALSE,3,LOW,NETWORK,HIGH,9.8,HIGH,UNPROVEN,HIGH,NONE,NOT_DEFINED,CONFIRMED,UNCHANGED,9.8,NONE,CVSS:3.1/AV:N/AC:L/PR:N/UI:N/S:U/C:H/I:H/A:H,NULL,NULL,NULL,NULL
17,1,CVE-2024-3765,2024-04-16 093426 mandiant vuln list.csv,34:26.0,<p>National Vulnerability Database has provided the following description: <br /><em>A vulnerability classified as critical was found in Xiongmai AHB7804R-MH-V2  AHB8004T-GL  AHB8008T-GL  AHB7004T-GS-V3  AHB7004T-MHV2  AHB8032F-LME and XM530_R80X30-PQ_8M. ,vulnerability--7413a320-508e-50db-bafd-ad62968f9555,Available,FALSE,FALSE,FALSE,09:23.0,MEDIUM,FALSE,1,LOW,NETWORK,HIGH,9.8,HIGH,UNPROVEN,HIGH,NONE,NOT_DEFINED,CONFIRMED,UNCHANGED,9.8,NONE,CVSS:3.1/AV:N/AC:L/PR:N/UI:N/S:U/C:H/I:H/A:H,NULL,NULL,NULL,NULL
20,1,MVE-2024-7507,2024-04-16 093426 mandiant vuln list.csv,34:26.0,<p>The /SecretServer/webservices/SSWebService.asmx endpoint contains an improper authentication vulnerability.</p>,vulnerability--388a2f8e-5137-564b-9215-719b608204da,Available,FALSE,FALSE,FALSE,44:12.0,HIGH,FALSE,4,LOW,NETWORK,HIGH,9.8,HIGH,UNPROVEN,HIGH,NONE,NOT_DEFINED,CONFIRMED,UNCHANGED,9.8,NONE,CVSS:3.1/AV:N/AC:L/PR:N/UI:N/S:U/C:H/I:H/A:H,NULL,NULL,NULL,NULL
21,1,CVE-2024-3777,2024-04-16 093426 mandiant vuln list.csv,34:26.0,<p>National Vulnerability Database has provided the following description: <br /><em>The password reset feature of Ai3 QbiBot lacks proper access control  allowing unauthenticated remote attackers to reset any user's password.</em></p>,vulnerability--d8b9317a-54cb-562c-a2c0-d426005b495d,No Known,FALSE,FALSE,FALSE,03:12.0,HIGH,FALSE,5,LOW,NETWORK,HIGH,9.8,HIGH,UNPROVEN,HIGH,NONE,NOT_DEFINED,CONFIRMED,UNCHANGED,9.8,NONE,CVSS:3.1/AV:N/AC:L/PR:N/UI:N/S:U/C:H/I:H/A:H,NULL,NULL,NULL,NULL
1,1,CVE-2024-1511,2024-04-12 093643 mandiant vuln list.csv,36:43.0,<p>National Vulnerability Database has provided the following description: <br /><em>The parisneo/lollms-webui repository is susceptible to a path traversal vulnerability due to inadequate validation of user-supplied file paths. This flaw allows an unauthe,vulnerability--6f8e7f75-ac61-5ca1-a897-463d7369c835,Available,FALSE,FALSE,FALSE,51:07.0,MEDIUM,FALSE,1,LOW,NETWORK,HIGH,9.8,HIGH,UNPROVEN,HIGH,NONE,NOT_DEFINED,CONFIRMED,UNCHANGED,9.8,NONE,CVSS:3.0/AV:N/AC:L/PR:N/UI:N/S:U/C:H/I:H/A:H,NULL,NULL,NULL,NULL
2,1,CVE-2024-1520,2024-04-12 093643 mandiant vuln list.csv,36:43.0,<p>National Vulnerability Database has provided the following description: <br /><em>An OS Command Injection vulnerability exists in the '/open_code_folder' endpoint of the parisneo/lollms-webui application  due to improper validation of user-supplied inpu,vulnerability--dbf567f2-e6a5-57bd-b178-c6e3dcfd40de,Available,FALSE,FALSE,FALSE,06:15.0,HIGH,FALSE,2,LOW,NETWORK,HIGH,9.8,HIGH,UNPROVEN,HIGH,NONE,NOT_DEFINED,CONFIRMED,UNCHANGED,9.8,NONE,CVSS:3.0/AV:N/AC:L/PR:N/UI:N/S:U/C:H/I:H/A:H,NULL,NULL,NULL,NULL
3,1,CVE-2024-2029,2024-04-12 093643 mandiant vuln list.csv,36:43.0,<p>National Vulnerability Database has provided the following description: <br /><em>A command injection vulnerability exists in the `TranscriptEndpoint` of mudler/localai  specifically within the `audioToWav` function used for converting audio files to WA,vulnerability--839ff990-e25f-512a-95c4-087c6808b220,Available,FALSE,FALSE,FALSE,06:08.0,HIGH,FALSE,3,LOW,NETWORK,HIGH,9.8,HIGH,UNPROVEN,HIGH,NONE,NOT_DEFINED,CONFIRMED,UNCHANGED,9.8,NONE,CVSS:3.0/AV:N/AC:L/PR:N/UI:N/S:U/C:H/I:H/A:H,NULL,NULL,NULL,NULL
4,1,CVE-2024-31996,2024-04-12 093643 mandiant vuln list.csv,36:43.0,<p>National Vulnerability Database has provided the following description: <br /><em>XWiki Platform is a generic wiki platform. Starting in version 3.0.1 and prior to versions 4.10.19  15.5.4  and 15.10-rc-1  the HTML escaping of escaping tool that is used,vulnerability--17dd4259-bd44-55bc-a130-2bf875033621,No Known,FALSE,FALSE,FALSE,05:18.0,HIGH,FALSE,4,LOW,NETWORK,HIGH,10,HIGH,UNPROVEN,HIGH,NONE,NOT_DEFINED,CONFIRMED,CHANGED,10,NONE,CVSS:3.1/AV:N/AC:L/PR:N/UI:N/S:C/C:H/I:H/A:H,NULL,NULL,NULL,NULL
5,1,CVE-2024-31982,2024-04-12 093643 mandiant vuln list.csv,36:43.0,<p>National Vulnerability Database has provided the following description: <br /><em>XWiki Platform is a generic wiki platform. Starting in version 2.4-milestone-1 and prior to versions 4.10.20  15.5.4  and 15.10-rc-1  XWiki's database search allows remote,vulnerability--a5f642b0-ef35-5182-acc0-73ee0f9f62f7,No Known,FALSE,FALSE,FALSE,05:18.0,HIGH,FALSE,5,LOW,NETWORK,HIGH,10,HIGH,UNPROVEN,HIGH,NONE,NOT_DEFINED,CONFIRMED,CHANGED,10,NONE,CVSS:3.1/AV:N/AC:L/PR:N/UI:N/S:C/C:H/I:H/A:H,NULL,NULL,NULL,NULL
14,1,CVE-2024-3098,2024-04-12 093643 mandiant vuln list.csv,36:43.0,<p>National Vulnerability Database has provided the following description: <br /><em>A vulnerability was identified in the `exec_utils` class of the `llama_index` package  specifically within the `safe_eval` function  allowing for prompt injection leading ,vulnerability--fb4929a5-df98-52f9-95b2-ff85886bf141,Available,FALSE,FALSE,FALSE,02:26.0,HIGH,FALSE,6,LOW,NETWORK,HIGH,9.8,HIGH,UNPROVEN,HIGH,NONE,NOT_DEFINED,CONFIRMED,UNCHANGED,9.8,NONE,CVSS:3.0/AV:N/AC:L/PR:N/UI:N/S:U/C:H/I:H/A:H,NULL,NULL,NULL,NULL
15,1,CVE-2024-21508,2024-04-12 093643 mandiant vuln list.csv,36:43.0,<p>National Vulnerability Database has provided the following description: <br /><em>Versions of the package mysql2 before 3.9.4 are vulnerable to Remote Code Execution (RCE) via the readCodeFor function due to improper validation of the supportBigNumbers ,vulnerability--a02c3694-0043-519f-ab0b-e048a811210b,Available,FALSE,FALSE,FALSE,01:36.0,HIGH,FALSE,7,LOW,NETWORK,HIGH,9.8,HIGH,UNPROVEN,HIGH,NONE,NOT_DEFINED,CONFIRMED,UNCHANGED,9.8,NONE,CVSS:3.1/AV:N/AC:L/PR:N/UI:N/S:U/C:H/I:H/A:H,NULL,NULL,NULL,NULL
8,1,CVE-2024-25912,2024-04-12 093643 mandiant vuln list.csv,36:43.0,<p>National Vulnerability Database has provided the following description: <br /><em>Missing Authorization vulnerability in Skymoonlabs MoveTo.This issue affects MoveTo: from n/a through 6.2.</em></p>,vulnerability--ee4bd262-f40b-5445-9bf6-61fe5e76705e,No Known,FALSE,FALSE,FALSE,39:09.0,HIGH,FALSE,8,LOW,NETWORK,HIGH,9.8,HIGH,UNPROVEN,HIGH,NONE,NOT_DEFINED,CONFIRMED,UNCHANGED,9.8,NONE,CVSS:3.1/AV:N/AC:L/PR:N/UI:N/S:U/C:H/I:H/A:H,NULL,NULL,NULL,NULL
